layer,experiment,distance,rounds,p_total,bias_z,px,py,pz,shots,logical_error_rate
layer2,bias_sweep,3,3,0.001,0.1,0.0004761904761904762,0.0004761904761904762,4.761904761904762e-05,100000,8e-05
layer2,bias_sweep,3,3,0.001,1.0,0.0003333333333333333,0.0003333333333333333,0.0003333333333333333,100000,6e-05
layer2,bias_sweep,3,3,0.001,3.0,0.0002,0.0002,0.0006000000000000001,100000,2e-05
layer2,bias_sweep,3,3,0.001,10.0,8.333333333333333e-05,8.333333333333333e-05,0.0008333333333333334,100000,1e-05
layer2,bias_sweep,3,3,0.001,30.0,3.125e-05,3.125e-05,0.0009375,100000,0.0
layer2,bias_sweep,3,3,0.001,100.0,9.803921568627451e-06,9.803921568627451e-06,0.000980392156862745,100000,0.0
layer2,bias_sweep,3,3,0.002,0.1,0.0009523809523809524,0.0009523809523809524,9.523809523809524e-05,100000,0.00025
layer2,bias_sweep,3,3,0.002,1.0,0.0006666666666666666,0.0006666666666666666,0.0006666666666666666,100000,0.00018
layer2,bias_sweep,3,3,0.002,3.0,0.0004,0.0004,0.0012000000000000001,100000,7e-05
layer2,bias_sweep,3,3,0.002,10.0,0.00016666666666666666,0.00016666666666666666,0.0016666666666666668,100000,4e-05
layer2,bias_sweep,3,3,0.002,30.0,6.25e-05,6.25e-05,0.001875,100000,2e-05
layer2,bias_sweep,3,3,0.002,100.0,1.9607843137254903e-05,1.9607843137254903e-05,0.00196078431372549,100000,1e-05
layer2,bias_sweep,3,3,0.005,0.1,0.0023809523809523807,0.0023809523809523807,0.0002380952380952381,100000,0.00172
layer2,bias_sweep,3,3,0.005,1.0,0.0016666666666666668,0.0016666666666666668,0.0016666666666666668,100000,0.00077
layer2,bias_sweep,3,3,0.005,3.0,0.001,0.001,0.003,100000,0.00048
layer2,bias_sweep,3,3,0.005,10.0,0.0004166666666666667,0.0004166666666666667,0.004166666666666667,100000,0.00011
layer2,bias_sweep,3,3,0.005,30.0,0.00015625,0.00015625,0.0046875,100000,0.0001
layer2,bias_sweep,3,3,0.005,100.0,4.901960784313725e-05,4.901960784313725e-05,0.004901960784313725,100000,5e-05
layer2,bias_sweep,3,3,0.01,0.1,0.0047619047619047615,0.0047619047619047615,0.0004761904761904762,100000,0.00641
layer2,bias_sweep,3,3,0.01,1.0,0.0033333333333333335,0.0033333333333333335,0.0033333333333333335,100000,0.00346
layer2,bias_sweep,3,3,0.01,3.0,0.002,0.002,0.006,100000,0.00185
layer2,bias_sweep,3,3,0.01,10.0,0.0008333333333333334,0.0008333333333333334,0.008333333333333333,100000,0.00073
layer2,bias_sweep,3,3,0.01,30.0,0.0003125,0.0003125,0.009375,100000,0.00039
layer2,bias_sweep,3,3,0.01,100.0,9.80392156862745e-05,9.80392156862745e-05,0.00980392156862745,100000,0.00031
layer2,bias_sweep,3,3,0.02,0.1,0.009523809523809523,0.009523809523809523,0.0009523809523809524,100000,0.02402
layer2,bias_sweep,3,3,0.02,1.0,0.006666666666666667,0.006666666666666667,0.006666666666666667,100000,0.01274
layer2,bias_sweep,3,3,0.02,3.0,0.004,0.004,0.012,100000,0.00668
layer2,bias_sweep,3,3,0.02,10.0,0.0016666666666666668,0.0016666666666666668,0.016666666666666666,100000,0.00256
layer2,bias_sweep,3,3,0.02,30.0,0.000625,0.000625,0.01875,100000,0.00171
layer2,bias_sweep,3,3,0.02,100.0,0.000196078431372549,0.000196078431372549,0.0196078431372549,100000,0.00124
layer2,bias_sweep,3,3,0.05,0.1,0.023809523809523808,0.023809523809523808,0.002380952380952381,100000,0.1147
layer2,bias_sweep,3,3,0.05,1.0,0.016666666666666666,0.016666666666666666,0.016666666666666666,100000,0.07162
layer2,bias_sweep,3,3,0.05,3.0,0.01,0.01,0.030000000000000006,100000,0.03826
layer2,bias_sweep,3,3,0.05,10.0,0.004166666666666667,0.004166666666666667,0.041666666666666664,100000,0.0162
layer2,bias_sweep,3,3,0.05,30.0,0.0015625,0.0015625,0.046875,100000,0.01005
layer2,bias_sweep,3,3,0.05,100.0,0.0004901960784313725,0.0004901960784313725,0.049019607843137254,100000,0.00842
layer2,bias_sweep,5,5,0.001,0.1,0.0004761904761904762,0.0004761904761904762,4.761904761904762e-05,100000,1e-05
layer2,bias_sweep,5,5,0.001,1.0,0.0003333333333333333,0.0003333333333333333,0.0003333333333333333,100000,0.0
layer2,bias_sweep,5,5,0.001,3.0,0.0002,0.0002,0.0006000000000000001,100000,0.0
layer2,bias_sweep,5,5,0.001,10.0,8.333333333333333e-05,8.333333333333333e-05,0.0008333333333333334,100000,0.0
layer2,bias_sweep,5,5,0.001,30.0,3.125e-05,3.125e-05,0.0009375,100000,0.0
layer2,bias_sweep,5,5,0.001,100.0,9.803921568627451e-06,9.803921568627451e-06,0.000980392156862745,100000,0.0
layer2,bias_sweep,5,5,0.002,0.1,0.0009523809523809524,0.0009523809523809524,9.523809523809524e-05,100000,0.0
layer2,bias_sweep,5,5,0.002,1.0,0.0006666666666666666,0.0006666666666666666,0.0006666666666666666,100000,1e-05
layer2,bias_sweep,5,5,0.002,3.0,0.0004,0.0004,0.0012000000000000001,100000,0.0
layer2,bias_sweep,5,5,0.002,10.0,0.00016666666666666666,0.00016666666666666666,0.0016666666666666668,100000,0.0
layer2,bias_sweep,5,5,0.002,30.0,6.25e-05,6.25e-05,0.001875,100000,0.0
layer2,bias_sweep,5,5,0.002,100.0,1.9607843137254903e-05,1.9607843137254903e-05,0.00196078431372549,100000,0.0
layer2,bias_sweep,5,5,0.005,0.1,0.0023809523809523807,0.0023809523809523807,0.0002380952380952381,100000,0.00016
layer2,bias_sweep,5,5,0.005,1.0,0.0016666666666666668,0.0016666666666666668,0.0016666666666666668,100000,9e-05
layer2,bias_sweep,5,5,0.005,3.0,0.001,0.001,0.003,100000,2e-05
layer2,bias_sweep,5,5,0.005,10.0,0.0004166666666666667,0.0004166666666666667,0.004166666666666667,100000,0.0
layer2,bias_sweep,5,5,0.005,30.0,0.00015625,0.00015625,0.0046875,100000,0.0
layer2,bias_sweep,5,5,0.005,100.0,4.901960784313725e-05,4.901960784313725e-05,0.004901960784313725,100000,1e-05
layer2,bias_sweep,5,5,0.01,0.1,0.0047619047619047615,0.0047619047619047615,0.0004761904761904762,100000,0.00141
layer2,bias_sweep,5,5,0.01,1.0,0.0033333333333333335,0.0033333333333333335,0.0033333333333333335,100000,0.00048
layer2,bias_sweep,5,5,0.01,3.0,0.002,0.002,0.006,100000,0.00019
layer2,bias_sweep,5,5,0.01,10.0,0.0008333333333333334,0.0008333333333333334,0.008333333333333333,100000,2e-05
layer2,bias_sweep,5,5,0.01,30.0,0.0003125,0.0003125,0.009375,100000,3e-05
layer2,bias_sweep,5,5,0.01,100.0,9.80392156862745e-05,9.80392156862745e-05,0.00980392156862745,100000,0.0
layer2,bias_sweep,5,5,0.02,0.1,0.009523809523809523,0.009523809523809523,0.0009523809523809524,100000,0.00997
layer2,bias_sweep,5,5,0.02,1.0,0.006666666666666667,0.006666666666666667,0.006666666666666667,100000,0.00417
layer2,bias_sweep,5,5,0.02,3.0,0.004,0.004,0.012,100000,0.00116
layer2,bias_sweep,5,5,0.02,10.0,0.0016666666666666668,0.0016666666666666668,0.016666666666666666,100000,0.00017
layer2,bias_sweep,5,5,0.02,30.0,0.000625,0.000625,0.01875,100000,0.00013
layer2,bias_sweep,5,5,0.02,100.0,0.000196078431372549,0.000196078431372549,0.0196078431372549,100000,8e-05
layer2,bias_sweep,5,5,0.05,0.1,0.023809523809523808,0.023809523809523808,0.002380952380952381,100000,0.10519
layer2,bias_sweep,5,5,0.05,1.0,0.016666666666666666,0.016666666666666666,0.016666666666666666,100000,0.05305
layer2,bias_sweep,5,5,0.05,3.0,0.01,0.01,0.030000000000000006,100000,0.01906
layer2,bias_sweep,5,5,0.05,10.0,0.004166666666666667,0.004166666666666667,0.041666666666666664,100000,0.00444
layer2,bias_sweep,5,5,0.05,30.0,0.0015625,0.0015625,0.046875,100000,0.00186
layer2,bias_sweep,5,5,0.05,100.0,0.0004901960784313725,0.0004901960784313725,0.049019607843137254,100000,0.00128
layer2,bias_sweep,7,7,0.001,0.1,0.0004761904761904762,0.0004761904761904762,4.761904761904762e-05,100000,0.0
layer2,bias_sweep,7,7,0.001,1.0,0.0003333333333333333,0.0003333333333333333,0.0003333333333333333,100000,0.0
layer2,bias_sweep,7,7,0.001,3.0,0.0002,0.0002,0.0006000000000000001,100000,0.0
layer2,bias_sweep,7,7,0.001,10.0,8.333333333333333e-05,8.333333333333333e-05,0.0008333333333333334,100000,0.0
layer2,bias_sweep,7,7,0.001,30.0,3.125e-05,3.125e-05,0.0009375,100000,0.0
layer2,bias_sweep,7,7,0.001,100.0,9.803921568627451e-06,9.803921568627451e-06,0.000980392156862745,100000,0.0
layer2,bias_sweep,7,7,0.002,0.1,0.0009523809523809524,0.0009523809523809524,9.523809523809524e-05,100000,0.0
layer2,bias_sweep,7,7,0.002,1.0,0.0006666666666666666,0.0006666666666666666,0.0006666666666666666,100000,0.0
layer2,bias_sweep,7,7,0.002,3.0,0.0004,0.0004,0.0012000000000000001,100000,0.0
layer2,bias_sweep,7,7,0.002,10.0,0.00016666666666666666,0.00016666666666666666,0.0016666666666666668,100000,0.0
layer2,bias_sweep,7,7,0.002,30.0,6.25e-05,6.25e-05,0.001875,100000,0.0
layer2,bias_sweep,7,7,0.002,100.0,1.9607843137254903e-05,1.9607843137254903e-05,0.00196078431372549,100000,0.0
layer2,bias_sweep,7,7,0.005,0.1,0.0023809523809523807,0.0023809523809523807,0.0002380952380952381,100000,1e-05
layer2,bias_sweep,7,7,0.005,1.0,0.0016666666666666668,0.0016666666666666668,0.0016666666666666668,100000,1e-05
layer2,bias_sweep,7,7,0.005,3.0,0.001,0.001,0.003,100000,0.0
layer2,bias_sweep,7,7,0.005,10.0,0.0004166666666666667,0.0004166666666666667,0.004166666666666667,100000,0.0
layer2,bias_sweep,7,7,0.005,30.0,0.00015625,0.00015625,0.0046875,100000,0.0
layer2,bias_sweep,7,7,0.005,100.0,4.901960784313725e-05,4.901960784313725e-05,0.004901960784313725,100000,0.0
layer2,bias_sweep,7,7,0.01,0.1,0.0047619047619047615,0.0047619047619047615,0.0004761904761904762,100000,0.00023
layer2,bias_sweep,7,7,0.01,1.0,0.0033333333333333335,0.0033333333333333335,0.0033333333333333335,100000,4e-05
layer2,bias_sweep,7,7,0.01,3.0,0.002,0.002,0.006,100000,0.0
layer2,bias_sweep,7,7,0.01,10.0,0.0008333333333333334,0.0008333333333333334,0.008333333333333333,100000,0.0
layer2,bias_sweep,7,7,0.01,30.0,0.0003125,0.0003125,0.009375,100000,0.0
layer2,bias_sweep,7,7,0.01,100.0,9.80392156862745e-05,9.80392156862745e-05,0.00980392156862745,100000,0.0
layer2,bias_sweep,7,7,0.02,0.1,0.009523809523809523,0.009523809523809523,0.0009523809523809524,100000,0.00387
layer2,bias_sweep,7,7,0.02,1.0,0.006666666666666667,0.006666666666666667,0.006666666666666667,100000,0.00107
layer2,bias_sweep,7,7,0.02,3.0,0.004,0.004,0.012,100000,0.00022
layer2,bias_sweep,7,7,0.02,10.0,0.0016666666666666668,0.0016666666666666668,0.016666666666666666,100000,2e-05
layer2,bias_sweep,7,7,0.02,30.0,0.000625,0.000625,0.01875,100000,0.0
layer2,bias_sweep,7,7,0.02,100.0,0.000196078431372549,0.000196078431372549,0.0196078431372549,100000,0.0
layer2,bias_sweep,7,7,0.05,0.1,0.023809523809523808,0.023809523809523808,0.002380952380952381,100000,0.09643
layer2,bias_sweep,7,7,0.05,1.0,0.016666666666666666,0.016666666666666666,0.016666666666666666,100000,0.03868
layer2,bias_sweep,7,7,0.05,3.0,0.01,0.01,0.030000000000000006,100000,0.00946
layer2,bias_sweep,7,7,0.05,10.0,0.004166666666666667,0.004166666666666667,0.041666666666666664,100000,0.00114
layer2,bias_sweep,7,7,0.05,30.0,0.0015625,0.0015625,0.046875,100000,0.00033
layer2,bias_sweep,7,7,0.05,100.0,0.0004901960784313725,0.0004901960784313725,0.049019607843137254,100000,0.00025
layer2,bias_sweep,9,9,0.001,0.1,0.0004761904761904762,0.0004761904761904762,4.761904761904762e-05,100000,0.0
layer2,bias_sweep,9,9,0.001,1.0,0.0003333333333333333,0.0003333333333333333,0.0003333333333333333,100000,0.0
layer2,bias_sweep,9,9,0.001,3.0,0.0002,0.0002,0.0006000000000000001,100000,0.0
layer2,bias_sweep,9,9,0.001,10.0,8.333333333333333e-05,8.333333333333333e-05,0.0008333333333333334,100000,0.0
layer2,bias_sweep,9,9,0.001,30.0,3.125e-05,3.125e-05,0.0009375,100000,0.0
layer2,bias_sweep,9,9,0.001,100.0,9.803921568627451e-06,9.803921568627451e-06,0.000980392156862745,100000,0.0
layer2,bias_sweep,9,9,0.002,0.1,0.0009523809523809524,0.0009523809523809524,9.523809523809524e-05,100000,0.0
layer2,bias_sweep,9,9,0.002,1.0,0.0006666666666666666,0.0006666666666666666,0.0006666666666666666,100000,0.0
layer2,bias_sweep,9,9,0.002,3.0,0.0004,0.0004,0.0012000000000000001,100000,0.0
layer2,bias_sweep,9,9,0.002,10.0,0.00016666666666666666,0.00016666666666666666,0.0016666666666666668,100000,0.0
layer2,bias_sweep,9,9,0.002,30.0,6.25e-05,6.25e-05,0.001875,100000,0.0
layer2,bias_sweep,9,9,0.002,100.0,1.9607843137254903e-05,1.9607843137254903e-05,0.00196078431372549,100000,0.0
layer2,bias_sweep,9,9,0.005,0.1,0.0023809523809523807,0.0023809523809523807,0.0002380952380952381,100000,0.0
layer2,bias_sweep,9,9,0.005,1.0,0.0016666666666666668,0.0016666666666666668,0.0016666666666666668,100000,0.0
layer2,bias_sweep,9,9,0.005,3.0,0.001,0.001,0.003,100000,0.0
layer2,bias_sweep,9,9,0.005,10.0,0.0004166666666666667,0.0004166666666666667,0.004166666666666667,100000,0.0
layer2,bias_sweep,9,9,0.005,30.0,0.00015625,0.00015625,0.0046875,100000,0.0
layer2,bias_sweep,9,9,0.005,100.0,4.901960784313725e-05,4.901960784313725e-05,0.004901960784313725,100000,0.0
layer2,bias_sweep,9,9,0.01,0.1,0.0047619047619047615,0.0047619047619047615,0.0004761904761904762,100000,6e-05
layer2,bias_sweep,9,9,0.01,1.0,0.0033333333333333335,0.0033333333333333335,0.0033333333333333335,100000,0.0
layer2,bias_sweep,9,9,0.01,3.0,0.002,0.002,0.006,100000,0.0
layer2,bias_sweep,9,9,0.01,10.0,0.0008333333333333334,0.0008333333333333334,0.008333333333333333,100000,0.0
layer2,bias_sweep,9,9,0.01,30.0,0.0003125,0.0003125,0.009375,100000,0.0
layer2,bias_sweep,9,9,0.01,100.0,9.80392156862745e-05,9.80392156862745e-05,0.00980392156862745,100000,0.0
layer2,bias_sweep,9,9,0.02,0.1,0.009523809523809523,0.009523809523809523,0.0009523809523809524,100000,0.00191
layer2,bias_sweep,9,9,0.02,1.0,0.006666666666666667,0.006666666666666667,0.006666666666666667,100000,0.00037
layer2,bias_sweep,9,9,0.02,3.0,0.004,0.004,0.012,100000,7e-05
layer2,bias_sweep,9,9,0.02,10.0,0.0016666666666666668,0.0016666666666666668,0.016666666666666666,100000,0.0
layer2,bias_sweep,9,9,0.02,30.0,0.000625,0.000625,0.01875,100000,0.0
layer2,bias_sweep,9,9,0.02,100.0,0.000196078431372549,0.000196078431372549,0.0196078431372549,100000,0.0
layer2,bias_sweep,9,9,0.05,0.1,0.023809523809523808,0.023809523809523808,0.002380952380952381,100000,0.09283
layer2,bias_sweep,9,9,0.05,1.0,0.016666666666666666,0.016666666666666666,0.016666666666666666,100000,0.02985
layer2,bias_sweep,9,9,0.05,3.0,0.01,0.01,0.030000000000000006,100000,0.0046
layer2,bias_sweep,9,9,0.05,10.0,0.004166666666666667,0.004166666666666667,0.041666666666666664,100000,0.00026
layer2,bias_sweep,9,9,0.05,30.0,0.0015625,0.0015625,0.046875,100000,8e-05
layer2,bias_sweep,9,9,0.05,100.0,0.0004901960784313725,0.0004901960784313725,0.049019607843137254,100000,5e-05
layer2,bias_sweep,11,11,0.001,0.1,0.0004761904761904762,0.0004761904761904762,4.761904761904762e-05,100000,0.0
layer2,bias_sweep,11,11,0.001,1.0,0.0003333333333333333,0.0003333333333333333,0.0003333333333333333,100000,0.0
layer2,bias_sweep,11,11,0.001,3.0,0.0002,0.0002,0.0006000000000000001,100000,0.0
layer2,bias_sweep,11,11,0.001,10.0,8.333333333333333e-05,8.333333333333333e-05,0.0008333333333333334,100000,0.0
layer2,bias_sweep,11,11,0.001,30.0,3.125e-05,3.125e-05,0.0009375,100000,0.0
layer2,bias_sweep,11,11,0.001,100.0,9.803921568627451e-06,9.803921568627451e-06,0.000980392156862745,100000,0.0
layer2,bias_sweep,11,11,0.002,0.1,0.0009523809523809524,0.0009523809523809524,9.523809523809524e-05,100000,0.0
layer2,bias_sweep,11,11,0.002,1.0,0.0006666666666666666,0.0006666666666666666,0.0006666666666666666,100000,0.0
layer2,bias_sweep,11,11,0.002,3.0,0.0004,0.0004,0.0012000000000000001,100000,0.0
layer2,bias_sweep,11,11,0.002,10.0,0.00016666666666666666,0.00016666666666666666,0.0016666666666666668,100000,0.0
layer2,bias_sweep,11,11,0.002,30.0,6.25e-05,6.25e-05,0.001875,100000,0.0
layer2,bias_sweep,11,11,0.002,100.0,1.9607843137254903e-05,1.9607843137254903e-05,0.00196078431372549,100000,0.0
layer2,bias_sweep,11,11,0.005,0.1,0.0023809523809523807,0.0023809523809523807,0.0002380952380952381,100000,0.0
layer2,bias_sweep,11,11,0.005,1.0,0.0016666666666666668,0.0016666666666666668,0.0016666666666666668,100000,0.0
layer2,bias_sweep,11,11,0.005,3.0,0.001,0.001,0.003,100000,0.0
layer2,bias_sweep,11,11,0.005,10.0,0.0004166666666666667,0.0004166666666666667,0.004166666666666667,100000,0.0
layer2,bias_sweep,11,11,0.005,30.0,0.00015625,0.00015625,0.0046875,100000,0.0
layer2,bias_sweep,11,11,0.005,100.0,4.901960784313725e-05,4.901960784313725e-05,0.004901960784313725,100000,0.0
layer2,bias_sweep,11,11,0.01,0.1,0.0047619047619047615,0.0047619047619047615,0.0004761904761904762,100000,0.0
layer2,bias_sweep,11,11,0.01,1.0,0.0033333333333333335,0.0033333333333333335,0.0033333333333333335,100000,0.0
layer2,bias_sweep,11,11,0.01,3.0,0.002,0.002,0.006,100000,0.0
layer2,bias_sweep,11,11,0.01,10.0,0.0008333333333333334,0.0008333333333333334,0.008333333333333333,100000,0.0
layer2,bias_sweep,11,11,0.01,30.0,0.0003125,0.0003125,0.009375,100000,0.0
layer2,bias_sweep,11,11,0.01,100.0,9.80392156862745e-05,9.80392156862745e-05,0.00980392156862745,100000,0.0
layer2,bias_sweep,11,11,0.02,0.1,0.009523809523809523,0.009523809523809523,0.0009523809523809524,100000,0.00062
layer2,bias_sweep,11,11,0.02,1.0,0.006666666666666667,0.006666666666666667,0.006666666666666667,100000,0.0001
layer2,bias_sweep,11,11,0.02,3.0,0.004,0.004,0.012,100000,0.0
layer2,bias_sweep,11,11,0.02,10.0,0.0016666666666666668,0.0016666666666666668,0.016666666666666666,100000,0.0
layer2,bias_sweep,11,11,0.02,30.0,0.000625,0.000625,0.01875,100000,0.0
layer2,bias_sweep,11,11,0.02,100.0,0.000196078431372549,0.000196078431372549,0.0196078431372549,100000,0.0
layer2,bias_sweep,11,11,0.05,0.1,0.023809523809523808,0.023809523809523808,0.002380952380952381,100000,0.08756
layer2,bias_sweep,11,11,0.05,1.0,0.016666666666666666,0.016666666666666666,0.016666666666666666,100000,0.02225
layer2,bias_sweep,11,11,0.05,3.0,0.01,0.01,0.030000000000000006,100000,0.00248
layer2,bias_sweep,11,11,0.05,10.0,0.004166666666666667,0.004166666666666667,0.041666666666666664,100000,0.0001
layer2,bias_sweep,11,11,0.05,30.0,0.0015625,0.0015625,0.046875,100000,2e-05
layer2,bias_sweep,11,11,0.05,100.0,0.0004901960784313725,0.0004901960784313725,0.049019607843137254,100000,2e-05
