layer,experiment,distance,rounds,p,method,shots,logical_error_rate
layer2,decoder_comparison,3,3,0.001,majority_vote,25000,0.0066
layer2,decoder_comparison,3,3,0.001,unweighted_mwpm,25000,4e-05
layer2,decoder_comparison,3,3,0.001,mwpm,25000,4e-05
layer2,decoder_comparison,3,3,0.002,majority_vote,25000,0.01172
layer2,decoder_comparison,3,3,0.002,unweighted_mwpm,25000,0.00024
layer2,decoder_comparison,3,3,0.002,mwpm,25000,0.0002
layer2,decoder_comparison,3,3,0.005,majority_vote,25000,0.02652
layer2,decoder_comparison,3,3,0.005,unweighted_mwpm,25000,0.00208
layer2,decoder_comparison,3,3,0.005,mwpm,25000,0.0018
layer2,decoder_comparison,3,3,0.01,majority_vote,25000,0.05496
layer2,decoder_comparison,3,3,0.01,unweighted_mwpm,25000,0.00936
layer2,decoder_comparison,3,3,0.01,mwpm,25000,0.00672
layer2,decoder_comparison,3,3,0.02,majority_vote,25000,0.10288
layer2,decoder_comparison,3,3,0.02,unweighted_mwpm,25000,0.03096
layer2,decoder_comparison,3,3,0.02,mwpm,25000,0.02352
layer2,decoder_comparison,3,3,0.05,majority_vote,25000,0.22676
layer2,decoder_comparison,3,3,0.05,unweighted_mwpm,25000,0.13904
layer2,decoder_comparison,3,3,0.05,mwpm,25000,0.11876
layer2,decoder_comparison,5,5,0.001,majority_vote,25000,0.00796
layer2,decoder_comparison,5,5,0.001,unweighted_mwpm,25000,0.0
layer2,decoder_comparison,5,5,0.001,mwpm,25000,0.0
layer2,decoder_comparison,5,5,0.002,majority_vote,25000,0.01588
layer2,decoder_comparison,5,5,0.002,unweighted_mwpm,25000,0.0
layer2,decoder_comparison,5,5,0.002,mwpm,25000,0.0
layer2,decoder_comparison,5,5,0.005,majority_vote,25000,0.03816
layer2,decoder_comparison,5,5,0.005,unweighted_mwpm,25000,0.00016
layer2,decoder_comparison,5,5,0.005,mwpm,25000,0.00012
layer2,decoder_comparison,5,5,0.01,majority_vote,25000,0.07644
layer2,decoder_comparison,5,5,0.01,unweighted_mwpm,25000,0.00256
layer2,decoder_comparison,5,5,0.01,mwpm,25000,0.0016
layer2,decoder_comparison,5,5,0.02,majority_vote,25000,0.1396
layer2,decoder_comparison,5,5,0.02,unweighted_mwpm,25000,0.01452
layer2,decoder_comparison,5,5,0.02,mwpm,25000,0.01068
layer2,decoder_comparison,5,5,0.05,majority_vote,25000,0.2892
layer2,decoder_comparison,5,5,0.05,unweighted_mwpm,25000,0.13572
layer2,decoder_comparison,5,5,0.05,mwpm,25000,0.11752
layer2,decoder_comparison,7,7,0.001,majority_vote,25000,0.01112
layer2,decoder_comparison,7,7,0.001,unweighted_mwpm,25000,0.0
layer2,decoder_comparison,7,7,0.001,mwpm,25000,0.0
layer2,decoder_comparison,7,7,0.002,majority_vote,25000,0.0216
layer2,decoder_comparison,7,7,0.002,unweighted_mwpm,25000,0.0
layer2,decoder_comparison,7,7,0.002,mwpm,25000,0.0
layer2,decoder_comparison,7,7,0.005,majority_vote,25000,0.04944
layer2,decoder_comparison,7,7,0.005,unweighted_mwpm,25000,4e-05
layer2,decoder_comparison,7,7,0.005,mwpm,25000,4e-05
layer2,decoder_comparison,7,7,0.01,majority_vote,25000,0.09532
layer2,decoder_comparison,7,7,0.01,unweighted_mwpm,25000,0.00064
layer2,decoder_comparison,7,7,0.01,mwpm,25000,0.00036
layer2,decoder_comparison,7,7,0.02,majority_vote,25000,0.17588
layer2,decoder_comparison,7,7,0.02,unweighted_mwpm,25000,0.00608
layer2,decoder_comparison,7,7,0.02,mwpm,25000,0.00504
layer2,decoder_comparison,7,7,0.05,majority_vote,25000,0.32624
layer2,decoder_comparison,7,7,0.05,unweighted_mwpm,25000,0.1302
layer2,decoder_comparison,7,7,0.05,mwpm,25000,0.10988
layer2,decoder_comparison,9,9,0.001,majority_vote,25000,0.01324
layer2,decoder_comparison,9,9,0.001,unweighted_mwpm,25000,0.0
layer2,decoder_comparison,9,9,0.001,mwpm,25000,0.0
layer2,decoder_comparison,9,9,0.002,majority_vote,25000,0.02452
layer2,decoder_comparison,9,9,0.002,unweighted_mwpm,25000,0.0
layer2,decoder_comparison,9,9,0.002,mwpm,25000,0.0
layer2,decoder_comparison,9,9,0.005,majority_vote,25000,0.05972
layer2,decoder_comparison,9,9,0.005,unweighted_mwpm,25000,0.0
layer2,decoder_comparison,9,9,0.005,mwpm,25000,0.0
layer2,decoder_comparison,9,9,0.01,majority_vote,25000,0.11432
layer2,decoder_comparison,9,9,0.01,unweighted_mwpm,25000,0.0
layer2,decoder_comparison,9,9,0.01,mwpm,25000,0.0
layer2,decoder_comparison,9,9,0.02,majority_vote,25000,0.19832
layer2,decoder_comparison,9,9,0.02,unweighted_mwpm,25000,0.00352
layer2,decoder_comparison,9,9,0.02,mwpm,25000,0.00248
layer2,decoder_comparison,9,9,0.05,majority_vote,25000,0.36892
layer2,decoder_comparison,9,9,0.05,unweighted_mwpm,25000,0.13508
layer2,decoder_comparison,9,9,0.05,mwpm,25000,0.105
layer2,decoder_comparison,11,11,0.001,majority_vote,25000,0.01464
layer2,decoder_comparison,11,11,0.001,unweighted_mwpm,25000,0.0
layer2,decoder_comparison,11,11,0.001,mwpm,25000,0.0
layer2,decoder_comparison,11,11,0.002,majority_vote,25000,0.02984
layer2,decoder_comparison,11,11,0.002,unweighted_mwpm,25000,0.0
layer2,decoder_comparison,11,11,0.002,mwpm,25000,0.0
layer2,decoder_comparison,11,11,0.005,majority_vote,25000,0.07272
layer2,decoder_comparison,11,11,0.005,unweighted_mwpm,25000,0.0
layer2,decoder_comparison,11,11,0.005,mwpm,25000,0.0
layer2,decoder_comparison,11,11,0.01,majority_vote,25000,0.12972
layer2,decoder_comparison,11,11,0.01,unweighted_mwpm,25000,0.0
layer2,decoder_comparison,11,11,0.01,mwpm,25000,0.0
layer2,decoder_comparison,11,11,0.02,majority_vote,25000,0.23536
layer2,decoder_comparison,11,11,0.02,unweighted_mwpm,25000,0.00208
layer2,decoder_comparison,11,11,0.02,mwpm,25000,0.00112
layer2,decoder_comparison,11,11,0.05,majority_vote,25000,0.39412
layer2,decoder_comparison,11,11,0.05,unweighted_mwpm,25000,0.13404
layer2,decoder_comparison,11,11,0.05,mwpm,25000,0.10212
