layer,experiment,distance,rounds,p_mean,spread,effective_p_mean,effective_p_std,shots,logical_error_rate
layer2,heterogeneous_noise,3,3,0.001,0.0,0.001,0.0,100000,3e-05
layer2,heterogeneous_noise,3,3,0.001,0.25,0.0009981099802877495,0.0001797149208243951,100000,5e-05
layer2,heterogeneous_noise,3,3,0.001,0.5,0.00123432991461859,0.0007245240569176913,100000,0.00013
layer2,heterogeneous_noise,3,3,0.001,1.0,0.0012280735896641934,0.0014397205980409172,100000,0.00017
layer2,heterogeneous_noise,3,3,0.002,0.0,0.002,0.0,100000,0.00029
layer2,heterogeneous_noise,3,3,0.002,0.25,0.0017826142517576827,0.0004554750568185516,100000,0.00023
layer2,heterogeneous_noise,3,3,0.002,0.5,0.0016828346000721008,0.0006816108118287931,100000,0.00016
layer2,heterogeneous_noise,3,3,0.002,1.0,0.0016212824204594476,0.0007280330407027736,100000,0.00023
layer2,heterogeneous_noise,3,3,0.005,0.0,0.005,0.0,100000,0.00205
layer2,heterogeneous_noise,3,3,0.005,0.25,0.003797863007044626,0.0007096720791332717,100000,0.00125
layer2,heterogeneous_noise,3,3,0.005,0.5,0.004226534473819723,0.000438923762464106,100000,0.00123
layer2,heterogeneous_noise,3,3,0.005,1.0,0.01888135368435911,0.02540911015299519,100000,0.02366
layer2,heterogeneous_noise,3,3,0.01,0.0,0.01,0.0,100000,0.00736
layer2,heterogeneous_noise,3,3,0.01,0.25,0.008756443026374088,0.0011354116708538963,100000,0.00561
layer2,heterogeneous_noise,3,3,0.01,0.5,0.00708608984769674,0.003767422745045177,100000,0.00353
layer2,heterogeneous_noise,3,3,0.01,1.0,0.009446086122426136,0.005996610401069669,100000,0.00626
layer2,heterogeneous_noise,3,3,0.02,0.0,0.02,0.0,100000,0.02573
layer2,heterogeneous_noise,3,3,0.02,0.25,0.01747307161362298,0.0014022714035055262,100000,0.0202
layer2,heterogeneous_noise,3,3,0.02,0.5,0.020979600017169014,0.006132947955918103,100000,0.02899
layer2,heterogeneous_noise,3,3,0.02,1.0,0.035300792883217524,0.01323247476022362,100000,0.07031
layer2,heterogeneous_noise,3,3,0.05,0.0,0.05000000000000001,6.938893903907228e-18,100000,0.12466
layer2,heterogeneous_noise,3,3,0.05,0.25,0.0552541036135189,0.011789149756648836,100000,0.14374
layer2,heterogeneous_noise,3,3,0.05,0.5,0.04225135253781944,0.019285432643277194,100000,0.09553
layer2,heterogeneous_noise,3,3,0.05,1.0,0.13942885567104538,0.1126726847789413,100000,0.38847
layer2,heterogeneous_noise,5,5,0.001,0.0,0.001,0.0,100000,0.0
layer2,heterogeneous_noise,5,5,0.001,0.25,0.0009758873045203637,0.0002760130758603311,100000,0.0
layer2,heterogeneous_noise,5,5,0.001,0.5,0.0007688201234493401,0.00045340048058043907,100000,0.0
layer2,heterogeneous_noise,5,5,0.001,1.0,0.0010413991205005684,0.0006094301783356067,100000,0.0
layer2,heterogeneous_noise,5,5,0.002,0.0,0.002,0.0,100000,2e-05
layer2,heterogeneous_noise,5,5,0.002,0.25,0.002302027233384722,0.0005486475766253614,100000,6e-05
layer2,heterogeneous_noise,5,5,0.002,0.5,0.0017424399566242272,0.00033205515624456014,100000,2e-05
layer2,heterogeneous_noise,5,5,0.002,1.0,0.00277244348269258,0.0022078805749154522,100000,4e-05
layer2,heterogeneous_noise,5,5,0.005,0.0,0.005,0.0,100000,0.00021
layer2,heterogeneous_noise,5,5,0.005,0.25,0.005666464671117599,0.000994087323230359,100000,0.00035
layer2,heterogeneous_noise,5,5,0.005,0.5,0.004529338687965637,0.0011210127271362004,100000,0.00013
layer2,heterogeneous_noise,5,5,0.005,1.0,0.007927018776567374,0.008569983006174888,100000,0.00083
layer2,heterogeneous_noise,5,5,0.01,0.0,0.01,0.0,100000,0.00152
layer2,heterogeneous_noise,5,5,0.01,0.25,0.008036862592054664,0.0021205600272799037,100000,0.00088
layer2,heterogeneous_noise,5,5,0.01,0.5,0.012114526729749196,0.003979728527319952,100000,0.00251
layer2,heterogeneous_noise,5,5,0.01,1.0,0.013850411536308806,0.00849099633998927,100000,0.00421
layer2,heterogeneous_noise,5,5,0.02,0.0,0.02,0.0,100000,0.01058
layer2,heterogeneous_noise,5,5,0.02,0.25,0.01957878803376198,0.0027900119128055124,100000,0.01026
layer2,heterogeneous_noise,5,5,0.02,0.5,0.02196803406274051,0.014943735136481973,100000,0.01487
layer2,heterogeneous_noise,5,5,0.02,1.0,0.02110878018476343,0.016509164061935686,100000,0.0134
layer2,heterogeneous_noise,5,5,0.05,0.0,0.05,0.0,100000,0.11503
layer2,heterogeneous_noise,5,5,0.05,0.25,0.05303746011559342,0.009295452894336377,100000,0.13112
layer2,heterogeneous_noise,5,5,0.05,0.5,0.061282061348598794,0.0232116418457248,100000,0.17338
layer2,heterogeneous_noise,5,5,0.05,1.0,0.05493297662187423,0.0484673907347199,100000,0.14147
layer2,heterogeneous_noise,7,7,0.001,0.0,0.001,0.0,100000,0.0
layer2,heterogeneous_noise,7,7,0.001,0.25,0.0009674459096600466,0.00013052303432735708,100000,0.0
layer2,heterogeneous_noise,7,7,0.001,0.5,0.0007632240343361607,0.00019938129873802186,100000,0.0
layer2,heterogeneous_noise,7,7,0.001,1.0,0.0003902938103950337,0.0001742891761126415,100000,0.0
layer2,heterogeneous_noise,7,7,0.002,0.0,0.002,0.0,100000,0.0
layer2,heterogeneous_noise,7,7,0.002,0.25,0.0019802262714755277,0.00021759092553492277,100000,0.0
layer2,heterogeneous_noise,7,7,0.002,0.5,0.0023945135573201055,0.0012215602050078941,100000,0.0
layer2,heterogeneous_noise,7,7,0.002,1.0,0.0027206000535460544,0.0025223438933827643,100000,0.0
layer2,heterogeneous_noise,7,7,0.005,0.0,0.005,0.0,100000,2e-05
layer2,heterogeneous_noise,7,7,0.005,0.25,0.005011200007798194,0.0008143994248209869,100000,2e-05
layer2,heterogeneous_noise,7,7,0.005,0.5,0.005123008325283685,0.0036288345059906583,100000,4e-05
layer2,heterogeneous_noise,7,7,0.005,1.0,0.005178395902918678,0.002630054317473795,100000,2e-05
layer2,heterogeneous_noise,7,7,0.01,0.0,0.01,0.0,100000,0.00027
layer2,heterogeneous_noise,7,7,0.01,0.25,0.010039362692284646,0.0019006855190120283,100000,0.00035
layer2,heterogeneous_noise,7,7,0.01,0.5,0.009846733001827864,0.0042980324749137475,100000,0.00029
layer2,heterogeneous_noise,7,7,0.01,1.0,0.008766852459313579,0.007650841518165917,100000,0.00021
layer2,heterogeneous_noise,7,7,0.02,0.0,0.02,0.0,100000,0.00454
layer2,heterogeneous_noise,7,7,0.02,0.25,0.02010720322257323,0.006743362204031961,100000,0.00497
layer2,heterogeneous_noise,7,7,0.02,0.5,0.020111062247854927,0.007469255707438082,100000,0.00484
layer2,heterogeneous_noise,7,7,0.02,1.0,0.015361935854675173,0.008520601710503712,100000,0.00169
layer2,heterogeneous_noise,7,7,0.05,0.0,0.049999999999999996,6.938893903907228e-18,100000,0.10961
layer2,heterogeneous_noise,7,7,0.05,0.25,0.04707272325212386,0.010558650079424529,100000,0.09316
layer2,heterogeneous_noise,7,7,0.05,0.5,0.043540156120094764,0.014468072156435528,100000,0.07515
layer2,heterogeneous_noise,7,7,0.05,1.0,0.10792079276559353,0.14564199855578439,100000,0.4165
layer2,heterogeneous_noise,9,9,0.001,0.0,0.001,0.0,100000,0.0
layer2,heterogeneous_noise,9,9,0.001,0.25,0.0009755187071081192,0.0001522797202900725,100000,0.0
layer2,heterogeneous_noise,9,9,0.001,0.5,0.0006622011782713507,0.0003110334838826653,100000,0.0
layer2,heterogeneous_noise,9,9,0.001,1.0,0.002058619454343414,0.0020030749391524894,100000,0.0
layer2,heterogeneous_noise,9,9,0.002,0.0,0.002,0.0,100000,0.0
layer2,heterogeneous_noise,9,9,0.002,0.25,0.002249316898536249,0.0003611441410303239,100000,0.0
layer2,heterogeneous_noise,9,9,0.002,0.5,0.002005559667981193,0.0008395875370823917,100000,0.0
layer2,heterogeneous_noise,9,9,0.002,1.0,0.0010590207211065368,0.0005499712605390326,100000,0.0
layer2,heterogeneous_noise,9,9,0.005,0.0,0.005,0.0,100000,0.0
layer2,heterogeneous_noise,9,9,0.005,0.25,0.004982745301127549,0.0016395351781729596,100000,0.0
layer2,heterogeneous_noise,9,9,0.005,0.5,0.004208366179257203,0.001506736270780381,100000,0.0
layer2,heterogeneous_noise,9,9,0.005,1.0,0.0023302792454507055,0.0013072677814903407,100000,0.0
layer2,heterogeneous_noise,9,9,0.01,0.0,0.01,0.0,100000,2e-05
layer2,heterogeneous_noise,9,9,0.01,0.25,0.00948576602656923,0.0019626340614849165,100000,3e-05
layer2,heterogeneous_noise,9,9,0.01,0.5,0.009922446160865926,0.0041494383181373716,100000,4e-05
layer2,heterogeneous_noise,9,9,0.01,1.0,0.010606122973316453,0.010992275650606833,100000,0.0001
layer2,heterogeneous_noise,9,9,0.02,0.0,0.02,0.0,100000,0.00201
layer2,heterogeneous_noise,9,9,0.02,0.25,0.021462247209350378,0.006308164613464455,100000,0.00275
layer2,heterogeneous_noise,9,9,0.02,0.5,0.015339158242315834,0.0059670126668252485,100000,0.00062
layer2,heterogeneous_noise,9,9,0.02,1.0,0.008370848117127148,0.0073271448083158715,100000,3e-05
layer2,heterogeneous_noise,9,9,0.05,0.0,0.05,0.0,100000,0.10473
layer2,heterogeneous_noise,9,9,0.05,0.25,0.04714463008057265,0.006483960268625807,100000,0.08613
layer2,heterogeneous_noise,9,9,0.05,0.5,0.03798339037321737,0.01810919284197133,100000,0.03929
layer2,heterogeneous_noise,9,9,0.05,1.0,0.05394921763595385,0.04990181958084205,100000,0.13237
layer2,heterogeneous_noise,11,11,0.001,0.0,0.0010000000000000002,2.168404344971009e-19,100000,0.0
layer2,heterogeneous_noise,11,11,0.001,0.25,0.0008845881459372734,0.00015795914759382578,100000,0.0
layer2,heterogeneous_noise,11,11,0.001,0.5,0.001159156527738301,0.000788344057211671,100000,0.0
layer2,heterogeneous_noise,11,11,0.001,1.0,0.0005937955927364731,0.0006347870441825429,100000,0.0
layer2,heterogeneous_noise,11,11,0.002,0.0,0.0020000000000000005,4.336808689942018e-19,100000,0.0
layer2,heterogeneous_noise,11,11,0.002,0.25,0.0017499139963900012,0.0003379990176692223,100000,0.0
layer2,heterogeneous_noise,11,11,0.002,0.5,0.0019106663611876578,0.0005392589898006788,100000,0.0
layer2,heterogeneous_noise,11,11,0.002,1.0,0.0015112715101248308,0.0006688067424900328,100000,0.0
layer2,heterogeneous_noise,11,11,0.005,0.0,0.004999999999999999,8.673617379884035e-19,100000,0.0
layer2,heterogeneous_noise,11,11,0.005,0.25,0.00473327081826894,0.0014504605047016479,100000,0.0
layer2,heterogeneous_noise,11,11,0.005,0.5,0.004107653004961438,0.002270714105290042,100000,0.0
layer2,heterogeneous_noise,11,11,0.005,1.0,0.00471802305498947,0.002382668717425506,100000,0.0
layer2,heterogeneous_noise,11,11,0.01,0.0,0.009999999999999998,1.734723475976807e-18,100000,1e-05
layer2,heterogeneous_noise,11,11,0.01,0.25,0.01010368257458308,0.0015792103730477183,100000,1e-05
layer2,heterogeneous_noise,11,11,0.01,0.5,0.007887964795655764,0.0023996917098993618,100000,1e-05
layer2,heterogeneous_noise,11,11,0.01,1.0,0.0073346207418578105,0.004371800621131118,100000,0.0
layer2,heterogeneous_noise,11,11,0.02,0.0,0.019999999999999997,3.469446951953614e-18,100000,0.00104
layer2,heterogeneous_noise,11,11,0.02,0.25,0.01981634802233102,0.005787885728113698,100000,0.0007
layer2,heterogeneous_noise,11,11,0.02,0.5,0.020433462338861643,0.011219487449845009,100000,0.00095
layer2,heterogeneous_noise,11,11,0.02,1.0,0.010677894161195705,0.005787470887068375,100000,2e-05
layer2,heterogeneous_noise,11,11,0.05,0.0,0.05,0.0,100000,0.10092
layer2,heterogeneous_noise,11,11,0.05,0.25,0.056262222974587155,0.015157602186242588,100000,0.15225
layer2,heterogeneous_noise,11,11,0.05,0.5,0.05221261221473684,0.025455743609561612,100000,0.11897
layer2,heterogeneous_noise,11,11,0.05,1.0,0.03554389479208554,0.037382787746883396,100000,0.02295
