layer,experiment,distance,rounds,p,shots,logical_error_rate
layer2,stim_mwpm,3,3,0.001,100000,9e-05
layer2,stim_mwpm,3,3,0.002,100000,0.00032
layer2,stim_mwpm,3,3,0.005,100000,0.00177
layer2,stim_mwpm,3,3,0.01,100000,0.00681
layer2,stim_mwpm,3,3,0.02,100000,0.0258
layer2,stim_mwpm,3,3,0.05,100000,0.12435
layer2,stim_mwpm,5,5,0.001,100000,0.0
layer2,stim_mwpm,5,5,0.002,100000,1e-05
layer2,stim_mwpm,5,5,0.005,100000,9e-05
layer2,stim_mwpm,5,5,0.01,100000,0.00142
layer2,stim_mwpm,5,5,0.02,100000,0.01098
layer2,stim_mwpm,5,5,0.05,100000,0.1155
layer2,stim_mwpm,7,7,0.001,100000,0.0
layer2,stim_mwpm,7,7,0.002,100000,0.0
layer2,stim_mwpm,7,7,0.005,100000,3e-05
layer2,stim_mwpm,7,7,0.01,100000,0.00027
layer2,stim_mwpm,7,7,0.02,100000,0.00478
layer2,stim_mwpm,7,7,0.05,100000,0.10925
layer2,stim_mwpm,9,9,0.001,100000,0.0
layer2,stim_mwpm,9,9,0.002,100000,0.0
layer2,stim_mwpm,9,9,0.005,100000,0.0
layer2,stim_mwpm,9,9,0.01,100000,6e-05
layer2,stim_mwpm,9,9,0.02,100000,0.00211
layer2,stim_mwpm,9,9,0.05,100000,0.10666
layer2,stim_mwpm,11,11,0.001,100000,0.0
layer2,stim_mwpm,11,11,0.002,100000,0.0
layer2,stim_mwpm,11,11,0.005,100000,0.0
layer2,stim_mwpm,11,11,0.01,100000,2e-05
layer2,stim_mwpm,11,11,0.02,100000,0.00086
layer2,stim_mwpm,11,11,0.05,100000,0.10112
