layer,experiment,distance,rounds,p_mean,snapshot,p_data_effective,p_meas_effective,shots,logical_error_rate
layer2,temporal_drift,3,3,0.001,snapshot_0_normal,0.0009981961729465022,0.001,100000,0.00012
layer2,temporal_drift,3,3,0.001,snapshot_1_meas_worse,0.0009981961729465022,0.00125,100000,0.00011
layer2,temporal_drift,3,3,0.001,snapshot_2_one_bad_qubit,0.0014981961729465022,0.001,100000,0.00016
layer2,temporal_drift,3,3,0.001,snapshot_3_global_drift_up,0.001347564833477778,0.0012,100000,0.00021
layer2,temporal_drift,3,3,0.001,snapshot_4_recovery,0.0010481059815938274,0.001,100000,9e-05
layer2,temporal_drift,3,3,0.002,snapshot_0_normal,0.0020005279905540778,0.002,100000,0.00026
layer2,temporal_drift,3,3,0.002,snapshot_1_meas_worse,0.0020005279905540778,0.0025,100000,0.00028
layer2,temporal_drift,3,3,0.002,snapshot_2_one_bad_qubit,0.003000527990554078,0.002,100000,0.00065
layer2,temporal_drift,3,3,0.002,snapshot_3_global_drift_up,0.002700712787248005,0.0024,100000,0.00054
layer2,temporal_drift,3,3,0.002,snapshot_4_recovery,0.0021005543900817817,0.002,100000,0.00031
layer2,temporal_drift,3,3,0.005,snapshot_0_normal,0.005006517924454217,0.005,100000,0.00186
layer2,temporal_drift,3,3,0.005,snapshot_1_meas_worse,0.005006517924454217,0.00625,100000,0.00189
layer2,temporal_drift,3,3,0.005,snapshot_2_one_bad_qubit,0.007506517924454217,0.005,100000,0.00407
layer2,temporal_drift,3,3,0.005,snapshot_3_global_drift_up,0.006758799198013194,0.006,100000,0.00344
layer2,temporal_drift,3,3,0.005,snapshot_4_recovery,0.005256843820676929,0.005,100000,0.00183
layer2,temporal_drift,3,3,0.01,snapshot_0_normal,0.009991791120170726,0.01,100000,0.00749
layer2,temporal_drift,3,3,0.01,snapshot_1_meas_worse,0.009991791120170726,0.0125,100000,0.00759
layer2,temporal_drift,3,3,0.01,snapshot_2_one_bad_qubit,0.014991791120170725,0.01,100000,0.01583
layer2,temporal_drift,3,3,0.01,snapshot_3_global_drift_up,0.013488918012230481,0.012,100000,0.01255
layer2,temporal_drift,3,3,0.01,snapshot_4_recovery,0.010491380676179262,0.01,100000,0.00848
layer2,temporal_drift,3,3,0.02,snapshot_0_normal,0.020098779462526663,0.02,100000,0.02534
layer2,temporal_drift,3,3,0.02,snapshot_1_meas_worse,0.020098779462526663,0.025,100000,0.02745
layer2,temporal_drift,3,3,0.02,snapshot_2_one_bad_qubit,0.030098779462526662,0.02,100000,0.05456
layer2,temporal_drift,3,3,0.02,snapshot_3_global_drift_up,0.027133352274410997,0.024,100000,0.04555
layer2,temporal_drift,3,3,0.02,snapshot_4_recovery,0.021103718435652997,0.02,100000,0.02988
layer2,temporal_drift,3,3,0.05,snapshot_0_normal,0.04988046453740433,0.05,100000,0.12273
layer2,temporal_drift,3,3,0.05,snapshot_1_meas_worse,0.04988046453740433,0.0625,100000,0.12285
layer2,temporal_drift,3,3,0.05,snapshot_2_one_bad_qubit,0.07488046453740432,0.05,100000,0.21226
layer2,temporal_drift,3,3,0.05,snapshot_3_global_drift_up,0.06733862712549585,0.06,100000,0.18723
layer2,temporal_drift,3,3,0.05,snapshot_4_recovery,0.05237448776427455,0.05,100000,0.13314
layer2,temporal_drift,5,5,0.001,snapshot_0_normal,0.001000207177224404,0.001,100000,0.0
layer2,temporal_drift,5,5,0.001,snapshot_1_meas_worse,0.001000207177224404,0.00125,100000,0.0
layer2,temporal_drift,5,5,0.001,snapshot_2_one_bad_qubit,0.0013002071772244038,0.001,100000,0.0
layer2,temporal_drift,5,5,0.001,snapshot_3_global_drift_up,0.0013502796892529453,0.0012,100000,0.0
layer2,temporal_drift,5,5,0.001,snapshot_4_recovery,0.0010502175360856242,0.001,100000,0.0
layer2,temporal_drift,5,5,0.002,snapshot_0_normal,0.001999065980410205,0.002,100000,2e-05
layer2,temporal_drift,5,5,0.002,snapshot_1_meas_worse,0.001999065980410205,0.0025,100000,2e-05
layer2,temporal_drift,5,5,0.002,snapshot_2_one_bad_qubit,0.0025990659804102046,0.002,100000,0.0
layer2,temporal_drift,5,5,0.002,snapshot_3_global_drift_up,0.0026987390735537767,0.0024,100000,3e-05
layer2,temporal_drift,5,5,0.002,snapshot_4_recovery,0.0020990192794307153,0.002,100000,0.0
layer2,temporal_drift,5,5,0.005,snapshot_0_normal,0.005012858489841897,0.005,100000,0.00019
layer2,temporal_drift,5,5,0.005,snapshot_1_meas_worse,0.005012858489841897,0.00625,100000,0.00021
layer2,temporal_drift,5,5,0.005,snapshot_2_one_bad_qubit,0.006512858489841898,0.005,100000,0.0004
layer2,temporal_drift,5,5,0.005,snapshot_3_global_drift_up,0.006767358961286562,0.006,100000,0.00039
layer2,temporal_drift,5,5,0.005,snapshot_4_recovery,0.005263501414333993,0.005,100000,0.00014
layer2,temporal_drift,5,5,0.01,snapshot_0_normal,0.00997707266072811,0.01,100000,0.0014
layer2,temporal_drift,5,5,0.01,snapshot_1_meas_worse,0.00997707266072811,0.0125,100000,0.00148
layer2,temporal_drift,5,5,0.01,snapshot_2_one_bad_qubit,0.01297707266072811,0.01,100000,0.00326
layer2,temporal_drift,5,5,0.01,snapshot_3_global_drift_up,0.013469048091982948,0.012,100000,0.00352
layer2,temporal_drift,5,5,0.01,snapshot_4_recovery,0.010475926293764516,0.01,100000,0.00179
layer2,temporal_drift,5,5,0.02,snapshot_0_normal,0.019968830451608723,0.02,100000,0.01057
layer2,temporal_drift,5,5,0.02,snapshot_1_meas_worse,0.019968830451608723,0.025,100000,0.01092
layer2,temporal_drift,5,5,0.02,snapshot_2_one_bad_qubit,0.02596883045160872,0.02,100000,0.0225
layer2,temporal_drift,5,5,0.02,snapshot_3_global_drift_up,0.026957921109671778,0.024,100000,0.02605
layer2,temporal_drift,5,5,0.02,snapshot_4_recovery,0.02096727197418916,0.02,100000,0.01309
layer2,temporal_drift,5,5,0.05,snapshot_0_normal,0.05004628047359884,0.05,100000,0.11558
layer2,temporal_drift,5,5,0.05,snapshot_1_meas_worse,0.05004628047359884,0.0625,100000,0.11585
layer2,temporal_drift,5,5,0.05,snapshot_2_one_bad_qubit,0.06504628047359884,0.05,100000,0.19458
layer2,temporal_drift,5,5,0.05,snapshot_3_global_drift_up,0.06756247863935844,0.06,100000,0.20782
layer2,temporal_drift,5,5,0.05,snapshot_4_recovery,0.052548594497278785,0.05,100000,0.12747
layer2,temporal_drift,7,7,0.001,snapshot_0_normal,0.0010003541579521593,0.001,100000,0.0
layer2,temporal_drift,7,7,0.001,snapshot_1_meas_worse,0.0010003541579521593,0.00125,100000,0.0
layer2,temporal_drift,7,7,0.001,snapshot_2_one_bad_qubit,0.0012146398722378737,0.001,100000,0.0
layer2,temporal_drift,7,7,0.001,snapshot_3_global_drift_up,0.0013504781132354152,0.0012,100000,0.0
layer2,temporal_drift,7,7,0.001,snapshot_4_recovery,0.0010503718658497673,0.001,100000,0.0
layer2,temporal_drift,7,7,0.002,snapshot_0_normal,0.0019967179567574552,0.002,100000,0.0
layer2,temporal_drift,7,7,0.002,snapshot_1_meas_worse,0.0019967179567574552,0.0025,100000,0.0
layer2,temporal_drift,7,7,0.002,snapshot_2_one_bad_qubit,0.002425289385328884,0.002,100000,0.0
layer2,temporal_drift,7,7,0.002,snapshot_3_global_drift_up,0.002695569241622565,0.0024,100000,0.0
layer2,temporal_drift,7,7,0.002,snapshot_4_recovery,0.0020965538545953282,0.002,100000,0.0
layer2,temporal_drift,7,7,0.005,snapshot_0_normal,0.004982043344262275,0.005,100000,3e-05
layer2,temporal_drift,7,7,0.005,snapshot_1_meas_worse,0.004982043344262275,0.00625,100000,5e-05
layer2,temporal_drift,7,7,0.005,snapshot_2_one_bad_qubit,0.0060534719156908464,0.005,100000,3e-05
layer2,temporal_drift,7,7,0.005,snapshot_3_global_drift_up,0.006725758514754072,0.006,100000,3e-05
layer2,temporal_drift,7,7,0.005,snapshot_4_recovery,0.005231145511475389,0.005,100000,2e-05
layer2,temporal_drift,7,7,0.01,snapshot_0_normal,0.010028499922230186,0.01,100000,0.00021
layer2,temporal_drift,7,7,0.01,snapshot_1_meas_worse,0.010028499922230186,0.0125,100000,0.00027
layer2,temporal_drift,7,7,0.01,snapshot_2_one_bad_qubit,0.012171357065087329,0.01,100000,0.00064
layer2,temporal_drift,7,7,0.01,snapshot_3_global_drift_up,0.013538474895010751,0.012,100000,0.00108
layer2,temporal_drift,7,7,0.01,snapshot_4_recovery,0.010529924918341696,0.01,100000,0.00031
layer2,temporal_drift,7,7,0.02,snapshot_0_normal,0.020043204194838682,0.02,100000,0.00464
layer2,temporal_drift,7,7,0.02,snapshot_1_meas_worse,0.020043204194838682,0.025,100000,0.00445
layer2,temporal_drift,7,7,0.02,snapshot_2_one_bad_qubit,0.024328918480552967,0.02,100000,0.01022
layer2,temporal_drift,7,7,0.02,snapshot_3_global_drift_up,0.027058325663032224,0.024,100000,0.01458
layer2,temporal_drift,7,7,0.02,snapshot_4_recovery,0.021045364404580616,0.02,100000,0.00574
layer2,temporal_drift,7,7,0.05,snapshot_0_normal,0.04996614752381601,0.05,100000,0.11027
layer2,temporal_drift,7,7,0.05,snapshot_1_meas_worse,0.04996614752381601,0.0625,100000,0.10949
layer2,temporal_drift,7,7,0.05,snapshot_2_one_bad_qubit,0.060680433238101725,0.05,100000,0.1772
layer2,temporal_drift,7,7,0.05,snapshot_3_global_drift_up,0.06745429915715162,0.06,100000,0.21987
layer2,temporal_drift,7,7,0.05,snapshot_4_recovery,0.05246445490000681,0.05,100000,0.12527
layer2,temporal_drift,9,9,0.001,snapshot_0_normal,0.0010001037714448815,0.001,100000,0.0
layer2,temporal_drift,9,9,0.001,snapshot_1_meas_worse,0.0010001037714448815,0.00125,100000,0.0
layer2,temporal_drift,9,9,0.001,snapshot_2_one_bad_qubit,0.0011667704381115483,0.001,100000,0.0
layer2,temporal_drift,9,9,0.001,snapshot_3_global_drift_up,0.00135014009145059,0.0012,100000,0.0
layer2,temporal_drift,9,9,0.001,snapshot_4_recovery,0.0010501089600171256,0.001,100000,0.0
layer2,temporal_drift,9,9,0.002,snapshot_0_normal,0.0020027901922519877,0.002,100000,0.0
layer2,temporal_drift,9,9,0.002,snapshot_1_meas_worse,0.0020027901922519877,0.0025,100000,0.0
layer2,temporal_drift,9,9,0.002,snapshot_2_one_bad_qubit,0.002336123525585321,0.002,100000,0.0
layer2,temporal_drift,9,9,0.002,snapshot_3_global_drift_up,0.0027037667595401836,0.0024,100000,0.0
layer2,temporal_drift,9,9,0.002,snapshot_4_recovery,0.002102929701864587,0.002,100000,0.0
layer2,temporal_drift,9,9,0.005,snapshot_0_normal,0.0050152938900177215,0.005,100000,0.0
layer2,temporal_drift,9,9,0.005,snapshot_1_meas_worse,0.0050152938900177215,0.00625,100000,0.0
layer2,temporal_drift,9,9,0.005,snapshot_2_one_bad_qubit,0.005848627223351055,0.005,100000,0.0
layer2,temporal_drift,9,9,0.005,snapshot_3_global_drift_up,0.006770646751523925,0.006,100000,2e-05
layer2,temporal_drift,9,9,0.005,snapshot_4_recovery,0.005266058584518608,0.005,100000,0.0
layer2,temporal_drift,9,9,0.01,snapshot_0_normal,0.01000535240929806,0.01,100000,2e-05
layer2,temporal_drift,9,9,0.01,snapshot_1_meas_worse,0.01000535240929806,0.0125,100000,7e-05
layer2,temporal_drift,9,9,0.01,snapshot_2_one_bad_qubit,0.011672019075964726,0.01,100000,0.00014
layer2,temporal_drift,9,9,0.01,snapshot_3_global_drift_up,0.013507225752552381,0.012,100000,0.00018
layer2,temporal_drift,9,9,0.01,snapshot_4_recovery,0.010505620029762963,0.01,100000,8e-05
layer2,temporal_drift,9,9,0.02,snapshot_0_normal,0.019959688247790017,0.02,100000,0.00201
layer2,temporal_drift,9,9,0.02,snapshot_1_meas_worse,0.019959688247790017,0.025,100000,0.00203
layer2,temporal_drift,9,9,0.02,snapshot_2_one_bad_qubit,0.02329302158112335,0.02,100000,0.00389
layer2,temporal_drift,9,9,0.02,snapshot_3_global_drift_up,0.026945579134516524,0.024,100000,0.00821
layer2,temporal_drift,9,9,0.02,snapshot_4_recovery,0.02095767266017952,0.02,100000,0.00243
layer2,temporal_drift,9,9,0.05,snapshot_0_normal,0.05004376360029181,0.05,100000,0.10612
layer2,temporal_drift,9,9,0.05,snapshot_1_meas_worse,0.05004376360029181,0.0625,100000,0.10516
layer2,temporal_drift,9,9,0.05,snapshot_2_one_bad_qubit,0.05837709693362514,0.05,100000,0.16676
layer2,temporal_drift,9,9,0.05,snapshot_3_global_drift_up,0.06755908086039394,0.06,100000,0.23781
layer2,temporal_drift,9,9,0.05,snapshot_4_recovery,0.0525459517803064,0.05,100000,0.122
layer2,temporal_drift,11,11,0.001,snapshot_0_normal,0.00099847988349961,0.001,100000,0.0
layer2,temporal_drift,11,11,0.001,snapshot_1_meas_worse,0.00099847988349961,0.00125,100000,0.0
layer2,temporal_drift,11,11,0.001,snapshot_2_one_bad_qubit,0.0011348435198632464,0.001,100000,0.0
layer2,temporal_drift,11,11,0.001,snapshot_3_global_drift_up,0.0013479478427244737,0.0012,100000,0.0
layer2,temporal_drift,11,11,0.001,snapshot_4_recovery,0.0010484038776745906,0.001,100000,0.0
layer2,temporal_drift,11,11,0.002,snapshot_0_normal,0.002001318457504068,0.002,100000,0.0
layer2,temporal_drift,11,11,0.002,snapshot_1_meas_worse,0.002001318457504068,0.0025,100000,0.0
layer2,temporal_drift,11,11,0.002,snapshot_2_one_bad_qubit,0.0022740457302313404,0.002,100000,0.0
layer2,temporal_drift,11,11,0.002,snapshot_3_global_drift_up,0.0027017799176304916,0.0024,100000,0.0
layer2,temporal_drift,11,11,0.002,snapshot_4_recovery,0.0021013843803792715,0.002,100000,0.0
layer2,temporal_drift,11,11,0.005,snapshot_0_normal,0.004990471031129416,0.005,100000,0.0
layer2,temporal_drift,11,11,0.005,snapshot_1_meas_worse,0.004990471031129416,0.00625,100000,0.0
layer2,temporal_drift,11,11,0.005,snapshot_2_one_bad_qubit,0.0056722892129475976,0.005,100000,0.0
layer2,temporal_drift,11,11,0.005,snapshot_3_global_drift_up,0.006737135892024712,0.006,100000,0.0
layer2,temporal_drift,11,11,0.005,snapshot_4_recovery,0.005239994582685887,0.005,100000,0.0
layer2,temporal_drift,11,11,0.01,snapshot_0_normal,0.010000311428754328,0.01,100000,2e-05
layer2,temporal_drift,11,11,0.01,snapshot_1_meas_worse,0.010000311428754328,0.0125,100000,2e-05
layer2,temporal_drift,11,11,0.01,snapshot_2_one_bad_qubit,0.011363947792390692,0.01,100000,1e-05
layer2,temporal_drift,11,11,0.01,snapshot_3_global_drift_up,0.013500420428818345,0.012,100000,7e-05
layer2,temporal_drift,11,11,0.01,snapshot_4_recovery,0.010500327000192045,0.01,100000,1e-05
layer2,temporal_drift,11,11,0.02,snapshot_0_normal,0.02002019263348862,0.02,100000,0.00081
layer2,temporal_drift,11,11,0.02,snapshot_1_meas_worse,0.02002019263348862,0.025,100000,0.00095
layer2,temporal_drift,11,11,0.02,snapshot_2_one_bad_qubit,0.022747465360761346,0.02,100000,0.00183
layer2,temporal_drift,11,11,0.02,snapshot_3_global_drift_up,0.027027260055209636,0.024,100000,0.00532
layer2,temporal_drift,11,11,0.02,snapshot_4_recovery,0.02102120226516305,0.02,100000,0.00112
layer2,temporal_drift,11,11,0.05,snapshot_0_normal,0.05004227013202223,0.05,100000,0.10207
layer2,temporal_drift,11,11,0.05,snapshot_1_meas_worse,0.05004227013202223,0.0625,100000,0.10244
layer2,temporal_drift,11,11,0.05,snapshot_2_one_bad_qubit,0.056860451950204054,0.05,100000,0.16015
layer2,temporal_drift,11,11,0.05,snapshot_3_global_drift_up,0.06755706467823001,0.06,100000,0.25173
layer2,temporal_drift,11,11,0.05,snapshot_4_recovery,0.05254438363862335,0.05,100000,0.12284
