layer,experiment,distance,rounds,p_mean,snapshot,schedule_data_mean,schedule_data_std,schedule_meas_mean,schedule_meas_std,shots,seed,method,failures,logical_error_rate
layer2,temporal_drift_schedule,5,10,0.01,constant_data_schedule,0.009999999999999998,1.734723475976807e-18,0.0010000000000000002,2.168404344971009e-19,5000,12345,final_data_majority,482,0.0964
layer2,temporal_drift_schedule,5,10,0.01,constant_data_schedule,0.009999999999999998,1.734723475976807e-18,0.0010000000000000002,2.168404344971009e-19,5000,12345,unweighted_mwpm,3,0.0006
layer2,temporal_drift_schedule,5,10,0.01,constant_data_schedule,0.009999999999999998,1.734723475976807e-18,0.0010000000000000002,2.168404344971009e-19,5000,12345,mwpm_nominal_static_model,0,0.0
layer2,temporal_drift_schedule,5,10,0.01,constant_data_schedule,0.009999999999999998,1.734723475976807e-18,0.0010000000000000002,2.168404344971009e-19,5000,12345,mwpm_oracle_true_schedule_model,0,0.0
layer2,temporal_drift_schedule,5,10,0.01,front_half_low_back_half_high,0.01,0.004999999999999999,0.0010000000000000002,2.168404344971009e-19,5000,12345,final_data_majority,483,0.0966
layer2,temporal_drift_schedule,5,10,0.01,front_half_low_back_half_high,0.01,0.004999999999999999,0.0010000000000000002,2.168404344971009e-19,5000,12345,unweighted_mwpm,6,0.0012
layer2,temporal_drift_schedule,5,10,0.01,front_half_low_back_half_high,0.01,0.004999999999999999,0.0010000000000000002,2.168404344971009e-19,5000,12345,mwpm_nominal_static_model,3,0.0006
layer2,temporal_drift_schedule,5,10,0.01,front_half_low_back_half_high,0.01,0.004999999999999999,0.0010000000000000002,2.168404344971009e-19,5000,12345,mwpm_oracle_true_schedule_model,3,0.0006
layer2,temporal_drift_schedule,5,10,0.01,measurement_only_worse,0.009999999999999998,1.734723475976807e-18,0.002,0.001,5000,12345,final_data_majority,500,0.1
layer2,temporal_drift_schedule,5,10,0.01,measurement_only_worse,0.009999999999999998,1.734723475976807e-18,0.002,0.001,5000,12345,unweighted_mwpm,2,0.0004
layer2,temporal_drift_schedule,5,10,0.01,measurement_only_worse,0.009999999999999998,1.734723475976807e-18,0.002,0.001,5000,12345,mwpm_nominal_static_model,0,0.0
layer2,temporal_drift_schedule,5,10,0.01,measurement_only_worse,0.009999999999999998,1.734723475976807e-18,0.002,0.001,5000,12345,mwpm_oracle_true_schedule_model,0,0.0
layer2,temporal_drift_schedule,5,10,0.02,constant_data_schedule,0.019999999999999997,3.469446951953614e-18,0.0010000000000000002,2.168404344971009e-19,5000,12345,final_data_majority,822,0.1644
layer2,temporal_drift_schedule,5,10,0.02,constant_data_schedule,0.019999999999999997,3.469446951953614e-18,0.0010000000000000002,2.168404344971009e-19,5000,12345,unweighted_mwpm,24,0.0048
layer2,temporal_drift_schedule,5,10,0.02,constant_data_schedule,0.019999999999999997,3.469446951953614e-18,0.0010000000000000002,2.168404344971009e-19,5000,12345,mwpm_nominal_static_model,12,0.0024
layer2,temporal_drift_schedule,5,10,0.02,constant_data_schedule,0.019999999999999997,3.469446951953614e-18,0.0010000000000000002,2.168404344971009e-19,5000,12345,mwpm_oracle_true_schedule_model,12,0.0024
layer2,temporal_drift_schedule,5,10,0.02,front_half_low_back_half_high,0.02,0.009999999999999998,0.0010000000000000002,2.168404344971009e-19,5000,12345,final_data_majority,817,0.1634
layer2,temporal_drift_schedule,5,10,0.02,front_half_low_back_half_high,0.02,0.009999999999999998,0.0010000000000000002,2.168404344971009e-19,5000,12345,unweighted_mwpm,32,0.0064
layer2,temporal_drift_schedule,5,10,0.02,front_half_low_back_half_high,0.02,0.009999999999999998,0.0010000000000000002,2.168404344971009e-19,5000,12345,mwpm_nominal_static_model,18,0.0036
layer2,temporal_drift_schedule,5,10,0.02,front_half_low_back_half_high,0.02,0.009999999999999998,0.0010000000000000002,2.168404344971009e-19,5000,12345,mwpm_oracle_true_schedule_model,16,0.0032
layer2,temporal_drift_schedule,5,10,0.02,measurement_only_worse,0.019999999999999997,3.469446951953614e-18,0.002,0.001,5000,12345,final_data_majority,783,0.1566
layer2,temporal_drift_schedule,5,10,0.02,measurement_only_worse,0.019999999999999997,3.469446951953614e-18,0.002,0.001,5000,12345,unweighted_mwpm,14,0.0028
layer2,temporal_drift_schedule,5,10,0.02,measurement_only_worse,0.019999999999999997,3.469446951953614e-18,0.002,0.001,5000,12345,mwpm_nominal_static_model,10,0.002
layer2,temporal_drift_schedule,5,10,0.02,measurement_only_worse,0.019999999999999997,3.469446951953614e-18,0.002,0.001,5000,12345,mwpm_oracle_true_schedule_model,10,0.002
layer2,temporal_drift_schedule,7,10,0.01,constant_data_schedule,0.009999999999999998,1.734723475976807e-18,0.0010000000000000002,2.168404344971009e-19,5000,12345,final_data_majority,504,0.1008
layer2,temporal_drift_schedule,7,10,0.01,constant_data_schedule,0.009999999999999998,1.734723475976807e-18,0.0010000000000000002,2.168404344971009e-19,5000,12345,unweighted_mwpm,1,0.0002
layer2,temporal_drift_schedule,7,10,0.01,constant_data_schedule,0.009999999999999998,1.734723475976807e-18,0.0010000000000000002,2.168404344971009e-19,5000,12345,mwpm_nominal_static_model,0,0.0
layer2,temporal_drift_schedule,7,10,0.01,constant_data_schedule,0.009999999999999998,1.734723475976807e-18,0.0010000000000000002,2.168404344971009e-19,5000,12345,mwpm_oracle_true_schedule_model,0,0.0
layer2,temporal_drift_schedule,7,10,0.01,front_half_low_back_half_high,0.01,0.004999999999999999,0.0010000000000000002,2.168404344971009e-19,5000,12345,final_data_majority,479,0.0958
layer2,temporal_drift_schedule,7,10,0.01,front_half_low_back_half_high,0.01,0.004999999999999999,0.0010000000000000002,2.168404344971009e-19,5000,12345,unweighted_mwpm,0,0.0
layer2,temporal_drift_schedule,7,10,0.01,front_half_low_back_half_high,0.01,0.004999999999999999,0.0010000000000000002,2.168404344971009e-19,5000,12345,mwpm_nominal_static_model,0,0.0
layer2,temporal_drift_schedule,7,10,0.01,front_half_low_back_half_high,0.01,0.004999999999999999,0.0010000000000000002,2.168404344971009e-19,5000,12345,mwpm_oracle_true_schedule_model,0,0.0
layer2,temporal_drift_schedule,7,10,0.01,measurement_only_worse,0.009999999999999998,1.734723475976807e-18,0.002,0.001,5000,12345,final_data_majority,484,0.0968
layer2,temporal_drift_schedule,7,10,0.01,measurement_only_worse,0.009999999999999998,1.734723475976807e-18,0.002,0.001,5000,12345,unweighted_mwpm,1,0.0002
layer2,temporal_drift_schedule,7,10,0.01,measurement_only_worse,0.009999999999999998,1.734723475976807e-18,0.002,0.001,5000,12345,mwpm_nominal_static_model,0,0.0
layer2,temporal_drift_schedule,7,10,0.01,measurement_only_worse,0.009999999999999998,1.734723475976807e-18,0.002,0.001,5000,12345,mwpm_oracle_true_schedule_model,0,0.0
layer2,temporal_drift_schedule,7,10,0.02,constant_data_schedule,0.019999999999999997,3.469446951953614e-18,0.0010000000000000002,2.168404344971009e-19,5000,12345,final_data_majority,812,0.1624
layer2,temporal_drift_schedule,7,10,0.02,constant_data_schedule,0.019999999999999997,3.469446951953614e-18,0.0010000000000000002,2.168404344971009e-19,5000,12345,unweighted_mwpm,2,0.0004
layer2,temporal_drift_schedule,7,10,0.02,constant_data_schedule,0.019999999999999997,3.469446951953614e-18,0.0010000000000000002,2.168404344971009e-19,5000,12345,mwpm_nominal_static_model,3,0.0006
layer2,temporal_drift_schedule,7,10,0.02,constant_data_schedule,0.019999999999999997,3.469446951953614e-18,0.0010000000000000002,2.168404344971009e-19,5000,12345,mwpm_oracle_true_schedule_model,3,0.0006
layer2,temporal_drift_schedule,7,10,0.02,front_half_low_back_half_high,0.02,0.009999999999999998,0.0010000000000000002,2.168404344971009e-19,5000,12345,final_data_majority,822,0.1644
layer2,temporal_drift_schedule,7,10,0.02,front_half_low_back_half_high,0.02,0.009999999999999998,0.0010000000000000002,2.168404344971009e-19,5000,12345,unweighted_mwpm,6,0.0012
layer2,temporal_drift_schedule,7,10,0.02,front_half_low_back_half_high,0.02,0.009999999999999998,0.0010000000000000002,2.168404344971009e-19,5000,12345,mwpm_nominal_static_model,1,0.0002
layer2,temporal_drift_schedule,7,10,0.02,front_half_low_back_half_high,0.02,0.009999999999999998,0.0010000000000000002,2.168404344971009e-19,5000,12345,mwpm_oracle_true_schedule_model,0,0.0
layer2,temporal_drift_schedule,7,10,0.02,measurement_only_worse,0.019999999999999997,3.469446951953614e-18,0.002,0.001,5000,12345,final_data_majority,853,0.1706
layer2,temporal_drift_schedule,7,10,0.02,measurement_only_worse,0.019999999999999997,3.469446951953614e-18,0.002,0.001,5000,12345,unweighted_mwpm,3,0.0006
layer2,temporal_drift_schedule,7,10,0.02,measurement_only_worse,0.019999999999999997,3.469446951953614e-18,0.002,0.001,5000,12345,mwpm_nominal_static_model,1,0.0002
layer2,temporal_drift_schedule,7,10,0.02,measurement_only_worse,0.019999999999999997,3.469446951953614e-18,0.002,0.001,5000,12345,mwpm_oracle_true_schedule_model,1,0.0002
