layer,experiment,basis,code_size,p,idle_steps,shots,logical_success_probability,logical_error_rate,theory_success_probability
layer1,bit_flip,Z,1,0.0,4,4000,1.0,0.0,1.0
layer1,bit_flip,Z,1,0.01,4,4000,0.96375,0.036250000000000004,0.96118408
layer1,bit_flip,Z,1,0.02,4,4000,0.92425,0.07574999999999998,0.9246732799999999
layer1,bit_flip,Z,1,0.04,4,4000,0.862,0.138,0.85819648
layer1,bit_flip,Z,1,0.06,4,4000,0.80825,0.19174999999999998,0.7998476800000001
layer1,bit_flip,Z,1,0.08,4,4000,0.7585,0.24150000000000005,0.74893568
layer1,bit_flip,Z,1,0.1,4,4000,0.7125,0.2875,0.7048000000000001
layer1,bit_flip,Z,1,0.11,4,4000,0.69025,0.30974999999999997,0.6850752800000001
layer1,bit_flip,Z,1,0.12,4,4000,0.672,0.32799999999999996,0.66681088
layer1,bit_flip,Z,1,0.13,4,4000,0.65675,0.34325000000000006,0.6499328799999999
layer1,bit_flip,Z,1,0.14,4,4000,0.641,0.359,0.63436928
layer1,bit_flip,Z,1,0.15,4,4000,0.6295,0.37050000000000005,0.62005
layer1,bit_flip,Z,3,0.0,4,4000,1.0,0.0,1.0
layer1,bit_flip,Z,3,0.01,4,4000,0.99425,0.005750000000000033,0.9955969390663
layer1,bit_flip,Z,3,0.02,4,4000,0.98275,0.017249999999999988,0.9838324806675581
layer1,bit_flip,Z,3,0.04,4,4000,0.94725,0.052749999999999964,0.9453781230862794
layer1,bit_flip,Z,3,0.06,4,4000,0.89625,0.10375000000000001,0.8958537310445798
layer1,bit_flip,Z,3,0.08,4,4000,0.8445,0.15549999999999997,0.842550943245681
layer1,bit_flip,Z,3,0.1,4,4000,0.79375,0.20625000000000004,0.790020130816
layer1,bit_flip,Z,3,0.11,4,4000,0.77475,0.22524999999999995,0.7649342049606899
layer1,bit_flip,Z,3,0.12,4,4000,0.75525,0.24475000000000002,0.7409330043817011
layer1,bit_flip,Z,3,0.13,4,4000,0.73475,0.26525,0.7181583771460198
layer1,bit_flip,Z,3,0.14,4,4000,0.713,0.28700000000000003,0.6967018175095585
layer1,bit_flip,Z,3,0.15,4,4000,0.68725,0.31275,0.67661467819975
layer1,bit_flip,Z,5,0.0,4,4000,1.0,0.0,1.0
layer1,bit_flip,Z,5,0.01,4,4000,0.99925,0.0007500000000000284,0.9994486923698302
layer1,bit_flip,Z,5,0.02,4,4000,0.99725,0.00275000000000003,0.9961942580212844
layer1,bit_flip,Z,5,0.04,4,4000,0.97475,0.025249999999999995,0.977206906933723
layer1,bit_flip,Z,5,0.06,4,4000,0.9405,0.0595,0.9419629514186099
layer1,bit_flip,Z,5,0.08,4,4000,0.891,0.10899999999999999,0.8953586655811743
layer1,bit_flip,Z,5,0.1,4,4000,0.8505,0.14949999999999997,0.8432120548611379
layer1,bit_flip,Z,5,0.11,4,4000,0.825,0.17500000000000004,0.816622209127511
layer1,bit_flip,Z,5,0.12,4,4000,0.79275,0.20725000000000005,0.7903370599462096
layer1,bit_flip,Z,5,0.13,4,4000,0.767,0.23299999999999998,0.764726399391923
layer1,bit_flip,Z,5,0.14,4,4000,0.75,0.25,0.7400749594105258
layer1,bit_flip,Z,5,0.15,4,4000,0.73925,0.26075000000000004,0.716592555998683
layer1,phase_flip,X,1,0.0,4,4000,1.0,0.0,1.0
layer1,phase_flip,X,1,0.01,4,4000,0.96375,0.036250000000000004,0.96118408
layer1,phase_flip,X,1,0.02,4,4000,0.92425,0.07574999999999998,0.9246732799999999
layer1,phase_flip,X,1,0.04,4,4000,0.862,0.138,0.85819648
layer1,phase_flip,X,1,0.06,4,4000,0.80825,0.19174999999999998,0.7998476800000001
layer1,phase_flip,X,1,0.08,4,4000,0.7585,0.24150000000000005,0.74893568
layer1,phase_flip,X,1,0.1,4,4000,0.7125,0.2875,0.7048000000000001
layer1,phase_flip,X,1,0.11,4,4000,0.69025,0.30974999999999997,0.6850752800000001
layer1,phase_flip,X,1,0.12,4,4000,0.672,0.32799999999999996,0.66681088
layer1,phase_flip,X,1,0.13,4,4000,0.65675,0.34325000000000006,0.6499328799999999
layer1,phase_flip,X,1,0.14,4,4000,0.641,0.359,0.63436928
layer1,phase_flip,X,1,0.15,4,4000,0.6295,0.37050000000000005,0.62005
layer1,phase_flip,X,3,0.0,4,4000,1.0,0.0,1.0
layer1,phase_flip,X,3,0.01,4,4000,0.99425,0.005750000000000033,0.9955969390663
layer1,phase_flip,X,3,0.02,4,4000,0.98275,0.017249999999999988,0.9838324806675581
layer1,phase_flip,X,3,0.04,4,4000,0.94725,0.052749999999999964,0.9453781230862794
layer1,phase_flip,X,3,0.06,4,4000,0.89625,0.10375000000000001,0.8958537310445798
layer1,phase_flip,X,3,0.08,4,4000,0.8445,0.15549999999999997,0.842550943245681
layer1,phase_flip,X,3,0.1,4,4000,0.79375,0.20625000000000004,0.790020130816
layer1,phase_flip,X,3,0.11,4,4000,0.77475,0.22524999999999995,0.7649342049606899
layer1,phase_flip,X,3,0.12,4,4000,0.75525,0.24475000000000002,0.7409330043817011
layer1,phase_flip,X,3,0.13,4,4000,0.73475,0.26525,0.7181583771460198
layer1,phase_flip,X,3,0.14,4,4000,0.713,0.28700000000000003,0.6967018175095585
layer1,phase_flip,X,3,0.15,4,4000,0.68725,0.31275,0.67661467819975
layer1,phase_flip,X,5,0.0,4,4000,1.0,0.0,1.0
layer1,phase_flip,X,5,0.01,4,4000,0.99925,0.0007500000000000284,0.9994486923698302
layer1,phase_flip,X,5,0.02,4,4000,0.99725,0.00275000000000003,0.9961942580212844
layer1,phase_flip,X,5,0.04,4,4000,0.97475,0.025249999999999995,0.977206906933723
layer1,phase_flip,X,5,0.06,4,4000,0.9405,0.0595,0.9419629514186099
layer1,phase_flip,X,5,0.08,4,4000,0.891,0.10899999999999999,0.8953586655811743
layer1,phase_flip,X,5,0.1,4,4000,0.8505,0.14949999999999997,0.8432120548611379
layer1,phase_flip,X,5,0.11,4,4000,0.825,0.17500000000000004,0.816622209127511
layer1,phase_flip,X,5,0.12,4,4000,0.79275,0.20725000000000005,0.7903370599462096
layer1,phase_flip,X,5,0.13,4,4000,0.767,0.23299999999999998,0.764726399391923
layer1,phase_flip,X,5,0.14,4,4000,0.75,0.25,0.7400749594105258
layer1,phase_flip,X,5,0.15,4,4000,0.73925,0.26075000000000004,0.716592555998683
layer1,depolarizing,Z,1,0.0,4,4000,1.0,0.0,
layer1,depolarizing,Z,1,0.01,4,4000,0.9795,0.020499999999999963,
layer1,depolarizing,Z,1,0.02,4,4000,0.96375,0.036250000000000004,
layer1,depolarizing,Z,1,0.04,4,4000,0.92425,0.07574999999999998,
layer1,depolarizing,Z,1,0.06,4,4000,0.89375,0.10624999999999996,
layer1,depolarizing,Z,1,0.08,4,4000,0.862,0.138,
layer1,depolarizing,Z,1,0.1,4,4000,0.83275,0.16725,
layer1,depolarizing,Z,1,0.11,4,4000,0.81975,0.18025000000000002,
layer1,depolarizing,Z,1,0.12,4,4000,0.80825,0.19174999999999998,
layer1,depolarizing,Z,1,0.13,4,4000,0.79475,0.20525000000000004,
layer1,depolarizing,Z,1,0.14,4,4000,0.7825,0.21750000000000003,
layer1,depolarizing,Z,1,0.15,4,4000,0.76875,0.23124999999999996,
layer1,depolarizing,Z,3,0.0,4,4000,1.0,0.0,
layer1,depolarizing,Z,3,0.01,4,4000,0.999,0.0010000000000000009,
layer1,depolarizing,Z,3,0.02,4,4000,0.99425,0.005750000000000033,
layer1,depolarizing,Z,3,0.04,4,4000,0.98275,0.017249999999999988,
layer1,depolarizing,Z,3,0.06,4,4000,0.966,0.03400000000000003,
layer1,depolarizing,Z,3,0.08,4,4000,0.94725,0.052749999999999964,
layer1,depolarizing,Z,3,0.1,4,4000,0.92975,0.07025000000000003,
layer1,depolarizing,Z,3,0.11,4,4000,0.91325,0.08675,
layer1,depolarizing,Z,3,0.12,4,4000,0.89625,0.10375000000000001,
layer1,depolarizing,Z,3,0.13,4,4000,0.8825,0.11750000000000005,
layer1,depolarizing,Z,3,0.14,4,4000,0.86925,0.13075000000000003,
layer1,depolarizing,Z,3,0.15,4,4000,0.86075,0.13924999999999998,
layer1,depolarizing,Z,5,0.0,4,4000,1.0,0.0,
layer1,depolarizing,Z,5,0.01,4,4000,1.0,0.0,
layer1,depolarizing,Z,5,0.02,4,4000,0.99925,0.0007500000000000284,
layer1,depolarizing,Z,5,0.04,4,4000,0.99725,0.00275000000000003,
layer1,depolarizing,Z,5,0.06,4,4000,0.988,0.01200000000000001,
layer1,depolarizing,Z,5,0.08,4,4000,0.97475,0.025249999999999995,
layer1,depolarizing,Z,5,0.1,4,4000,0.9595,0.04049999999999998,
layer1,depolarizing,Z,5,0.11,4,4000,0.95575,0.04425000000000001,
layer1,depolarizing,Z,5,0.12,4,4000,0.9405,0.0595,
layer1,depolarizing,Z,5,0.13,4,4000,0.93175,0.06825000000000003,
layer1,depolarizing,Z,5,0.14,4,4000,0.91925,0.08074999999999999,
layer1,depolarizing,Z,5,0.15,4,4000,0.9055,0.09450000000000003,
