snapshot,distance,rounds,calibration_aware_mwpm,majority_vote,static_weighted_mwpm,uniform_mwpm,adaptive_minus_static,relative_improvement_vs_static
friday,3,1,0.0046,0.0426,0.0046,0.0062,0.0,0.0
friday,3,3,0.0066,0.0614,0.0066,0.0114,0.0,0.0
friday,3,5,0.0136,0.081,0.014,0.0244,-0.00040000000000000105,0.028571428571428647
friday,3,7,0.0168,0.0914,0.015,0.0282,0.0017999999999999995,-0.11999999999999997
friday,5,1,0.0006,0.0424,0.0006,0.0008,0.0,0.0
friday,5,3,0.0004,0.0592,0.0002,0.0014,0.0002,-1.0
friday,5,5,0.0014,0.0792,0.0012,0.0016,0.0002000000000000001,-0.16666666666666677
friday,5,7,0.0022,0.1038,0.0024,0.004,-0.00019999999999999966,0.0833333333333332
monday,3,1,0.0004,0.017,0.0004,0.001,0.0,0.0
monday,3,3,0.0018,0.0222,0.0018,0.003,0.0,0.0
monday,3,5,0.001,0.0282,0.001,0.003,0.0,0.0
monday,3,7,0.002,0.0356,0.002,0.0042,0.0,0.0
monday,5,1,0.0,0.0144,0.0,0.0,0.0,0.0
monday,5,3,0.0002,0.0202,0.0002,0.0002,0.0,0.0
monday,5,5,0.0002,0.0306,0.0002,0.0002,0.0,0.0
monday,5,7,0.0,0.032,0.0,0.0,0.0,0.0
wednesday,3,1,0.0032,0.0304,0.0032,0.005,0.0,0.0
wednesday,3,3,0.003,0.0396,0.003,0.0062,0.0,0.0
wednesday,3,5,0.0078,0.0522,0.0072,0.0102,0.0005999999999999998,-0.08333333333333331
wednesday,3,7,0.006,0.0604,0.0058,0.012,0.00020000000000000052,-0.034482758620689745
wednesday,5,1,0.0002,0.0276,0.0002,0.0004,0.0,0.0
wednesday,5,3,0.0002,0.0352,0.0002,0.0008,0.0,0.0
wednesday,5,5,0.0002,0.0452,0.0002,0.0002,0.0,0.0
wednesday,5,7,0.0006,0.0576,0.0006,0.0012,0.0,0.0
