layer,experiment,snapshot,distance,rounds,shots,method,logical_error_rate,ci95_low,ci95_high,snapshot_p_total,snapshot_bias_z,snapshot_meas_factor,static_reference_snapshot,same_syndrome_group
layer2,calibration_adaptive_decoder,monday,3,1,5000,majority_vote,0.017,0.013769835859113387,0.020971791453789572,0.012,8.0,1.0,monday,monday_d3_r1
layer2,calibration_adaptive_decoder,monday,3,1,5000,uniform_mwpm,0.001,0.00042720718893578876,0.0023389874883697442,0.012,8.0,1.0,monday,monday_d3_r1
layer2,calibration_adaptive_decoder,monday,3,1,5000,static_weighted_mwpm,0.0004,0.0001096989857531115,0.001457416967717518,0.012,8.0,1.0,monday,monday_d3_r1
layer2,calibration_adaptive_decoder,monday,3,1,5000,calibration_aware_mwpm,0.0004,0.0001096989857531115,0.001457416967717518,0.012,8.0,1.0,monday,monday_d3_r1
layer2,calibration_adaptive_decoder,wednesday,3,1,5000,majority_vote,0.0304,0.02598983746953008,0.03553121467568572,0.016,5.0,1.15,monday,wednesday_d3_r1
layer2,calibration_adaptive_decoder,wednesday,3,1,5000,uniform_mwpm,0.005,0.0033890775204861016,0.007370975315718786,0.016,5.0,1.15,monday,wednesday_d3_r1
layer2,calibration_adaptive_decoder,wednesday,3,1,5000,static_weighted_mwpm,0.0032,0.001970710595456084,0.005192106069244095,0.016,5.0,1.15,monday,wednesday_d3_r1
layer2,calibration_adaptive_decoder,wednesday,3,1,5000,calibration_aware_mwpm,0.0032,0.001970710595456084,0.005192106069244095,0.016,5.0,1.15,monday,wednesday_d3_r1
layer2,calibration_adaptive_decoder,friday,3,1,5000,majority_vote,0.0426,0.03734443424133127,0.04855788528852756,0.02,2.5,1.25,monday,friday_d3_r1
layer2,calibration_adaptive_decoder,friday,3,1,5000,uniform_mwpm,0.0062,0.004371360588064539,0.008786849695810154,0.02,2.5,1.25,monday,friday_d3_r1
layer2,calibration_adaptive_decoder,friday,3,1,5000,static_weighted_mwpm,0.0046,0.003067229476888848,0.006893437543426104,0.02,2.5,1.25,monday,friday_d3_r1
layer2,calibration_adaptive_decoder,friday,3,1,5000,calibration_aware_mwpm,0.0046,0.003067229476888848,0.006893437543426104,0.02,2.5,1.25,monday,friday_d3_r1
layer2,calibration_adaptive_decoder,monday,3,3,5000,majority_vote,0.0222,0.01846806568308761,0.02666557723638451,0.012,8.0,1.0,monday,monday_d3_r3
layer2,calibration_adaptive_decoder,monday,3,3,5000,uniform_mwpm,0.003,0.0018189133867023654,0.004944210370052845,0.012,8.0,1.0,monday,monday_d3_r3
layer2,calibration_adaptive_decoder,monday,3,3,5000,static_weighted_mwpm,0.0018,0.0009472826989451401,0.0034176836101402633,0.012,8.0,1.0,monday,monday_d3_r3
layer2,calibration_adaptive_decoder,monday,3,3,5000,calibration_aware_mwpm,0.0018,0.0009472826989451401,0.0034176836101402633,0.012,8.0,1.0,monday,monday_d3_r3
layer2,calibration_adaptive_decoder,wednesday,3,3,5000,majority_vote,0.0396,0.03453837977810045,0.04536854613258387,0.016,5.0,1.15,monday,wednesday_d3_r3
layer2,calibration_adaptive_decoder,wednesday,3,3,5000,uniform_mwpm,0.0062,0.004371360588064539,0.008786849695810154,0.016,5.0,1.15,monday,wednesday_d3_r3
layer2,calibration_adaptive_decoder,wednesday,3,3,5000,static_weighted_mwpm,0.003,0.0018189133867023654,0.004944210370052845,0.016,5.0,1.15,monday,wednesday_d3_r3
layer2,calibration_adaptive_decoder,wednesday,3,3,5000,calibration_aware_mwpm,0.003,0.0018189133867023654,0.004944210370052845,0.016,5.0,1.15,monday,wednesday_d3_r3
layer2,calibration_adaptive_decoder,friday,3,3,5000,majority_vote,0.0614,0.05507656853989485,0.06839688433679096,0.02,2.5,1.25,monday,friday_d3_r3
layer2,calibration_adaptive_decoder,friday,3,3,5000,uniform_mwpm,0.0114,0.008809803672749156,0.014740422217694699,0.02,2.5,1.25,monday,friday_d3_r3
layer2,calibration_adaptive_decoder,friday,3,3,5000,static_weighted_mwpm,0.0066,0.004703481688179132,0.009254114411585497,0.02,2.5,1.25,monday,friday_d3_r3
layer2,calibration_adaptive_decoder,friday,3,3,5000,calibration_aware_mwpm,0.0066,0.004703481688179132,0.009254114411585497,0.02,2.5,1.25,monday,friday_d3_r3
layer2,calibration_adaptive_decoder,monday,3,5,5000,majority_vote,0.0282,0.02396105653691747,0.03316337362090368,0.012,8.0,1.0,monday,monday_d3_r5
layer2,calibration_adaptive_decoder,monday,3,5,5000,uniform_mwpm,0.003,0.0018189133867023654,0.004944210370052845,0.012,8.0,1.0,monday,monday_d3_r5
layer2,calibration_adaptive_decoder,monday,3,5,5000,static_weighted_mwpm,0.001,0.00042720718893578876,0.0023389874883697442,0.012,8.0,1.0,monday,monday_d3_r5
layer2,calibration_adaptive_decoder,monday,3,5,5000,calibration_aware_mwpm,0.001,0.00042720718893578876,0.0023389874883697442,0.012,8.0,1.0,monday,monday_d3_r5
layer2,calibration_adaptive_decoder,wednesday,3,5,5000,majority_vote,0.0522,0.046371127030233356,0.05871645208098393,0.016,5.0,1.15,monday,wednesday_d3_r5
layer2,calibration_adaptive_decoder,wednesday,3,5,5000,uniform_mwpm,0.0102,0.007766697200760391,0.01338537124201366,0.016,5.0,1.15,monday,wednesday_d3_r5
layer2,calibration_adaptive_decoder,wednesday,3,5,5000,static_weighted_mwpm,0.0072,0.005205365212759887,0.009951309610839645,0.016,5.0,1.15,monday,wednesday_d3_r5
layer2,calibration_adaptive_decoder,wednesday,3,5,5000,calibration_aware_mwpm,0.0078,0.0057112237321092305,0.010644529815325205,0.016,5.0,1.15,monday,wednesday_d3_r5
layer2,calibration_adaptive_decoder,friday,3,5,5000,majority_vote,0.081,0.07375513803739396,0.08888821981789867,0.02,2.5,1.25,monday,friday_d3_r5
layer2,calibration_adaptive_decoder,friday,3,5,5000,uniform_mwpm,0.0244,0.02047457756498257,0.029055687341884198,0.02,2.5,1.25,monday,friday_d3_r5
layer2,calibration_adaptive_decoder,friday,3,5,5000,static_weighted_mwpm,0.014,0.011096386311623671,0.017649847382104764,0.02,2.5,1.25,monday,friday_d3_r5
layer2,calibration_adaptive_decoder,friday,3,5,5000,calibration_aware_mwpm,0.0136,0.010742545429440987,0.01720430244839751,0.02,2.5,1.25,monday,friday_d3_r5
layer2,calibration_adaptive_decoder,monday,3,7,5000,majority_vote,0.0356,0.030810144963716545,0.0411029227880684,0.012,8.0,1.0,monday,monday_d3_r7
layer2,calibration_adaptive_decoder,monday,3,7,5000,uniform_mwpm,0.0042,0.0027487533004756644,0.006412527903949351,0.012,8.0,1.0,monday,monday_d3_r7
layer2,calibration_adaptive_decoder,monday,3,7,5000,static_weighted_mwpm,0.002,0.0010867350406975989,0.003677924176332773,0.012,8.0,1.0,monday,monday_d3_r7
layer2,calibration_adaptive_decoder,monday,3,7,5000,calibration_aware_mwpm,0.002,0.0010867350406975989,0.003677924176332773,0.012,8.0,1.0,monday,monday_d3_r7
layer2,calibration_adaptive_decoder,wednesday,3,7,5000,majority_vote,0.0604,0.0541281068863706,0.06734688145059037,0.016,5.0,1.15,monday,wednesday_d3_r7
layer2,calibration_adaptive_decoder,wednesday,3,7,5000,uniform_mwpm,0.012,0.009334492301086808,0.015414812313191951,0.016,5.0,1.15,monday,wednesday_d3_r7
layer2,calibration_adaptive_decoder,wednesday,3,7,5000,static_weighted_mwpm,0.0058,0.004041431411009417,0.00831739305697534,0.016,5.0,1.15,monday,wednesday_d3_r7
layer2,calibration_adaptive_decoder,wednesday,3,7,5000,calibration_aware_mwpm,0.006,0.0042061089708657195,0.008552408405064008,0.016,5.0,1.15,monday,wednesday_d3_r7
layer2,calibration_adaptive_decoder,friday,3,7,5000,majority_vote,0.0914,0.08372274014969239,0.09970464891873854,0.02,2.5,1.25,monday,friday_d3_r7
layer2,calibration_adaptive_decoder,friday,3,7,5000,uniform_mwpm,0.0282,0.02396105653691747,0.03316337362090368,0.02,2.5,1.25,monday,friday_d3_r7
layer2,calibration_adaptive_decoder,friday,3,7,5000,static_weighted_mwpm,0.015,0.011983860272495058,0.018760837960958218,0.02,2.5,1.25,monday,friday_d3_r7
layer2,calibration_adaptive_decoder,friday,3,7,5000,calibration_aware_mwpm,0.0168,0.01359063218705935,0.020751302217898636,0.02,2.5,1.25,monday,friday_d3_r7
layer2,calibration_adaptive_decoder,monday,5,1,5000,majority_vote,0.0144,0.011450896966502703,0.018094722543115668,0.012,8.0,1.0,monday,monday_d5_r1
layer2,calibration_adaptive_decoder,monday,5,1,5000,uniform_mwpm,0.0,0.0,0.000767730137580694,0.012,8.0,1.0,monday,monday_d5_r1
layer2,calibration_adaptive_decoder,monday,5,1,5000,static_weighted_mwpm,0.0,0.0,0.000767730137580694,0.012,8.0,1.0,monday,monday_d5_r1
layer2,calibration_adaptive_decoder,monday,5,1,5000,calibration_aware_mwpm,0.0,0.0,0.000767730137580694,0.012,8.0,1.0,monday,monday_d5_r1
layer2,calibration_adaptive_decoder,wednesday,5,1,5000,majority_vote,0.0276,0.023408989368185144,0.03251636206580111,0.016,5.0,1.15,monday,wednesday_d5_r1
layer2,calibration_adaptive_decoder,wednesday,5,1,5000,uniform_mwpm,0.0004,0.0001096989857531115,0.001457416967717518,0.016,5.0,1.15,monday,wednesday_d5_r1
layer2,calibration_adaptive_decoder,wednesday,5,1,5000,static_weighted_mwpm,0.0002,3.5304875272480036e-05,0.0011321181702531819,0.016,5.0,1.15,monday,wednesday_d5_r1
layer2,calibration_adaptive_decoder,wednesday,5,1,5000,calibration_aware_mwpm,0.0002,3.5304875272480036e-05,0.0011321181702531819,0.016,5.0,1.15,monday,wednesday_d5_r1
layer2,calibration_adaptive_decoder,friday,5,1,5000,majority_vote,0.0424,0.037157121292109185,0.04834550532980468,0.02,2.5,1.25,monday,friday_d5_r1
layer2,calibration_adaptive_decoder,friday,5,1,5000,uniform_mwpm,0.0008,0.0003111419445903861,0.0020553598247701793,0.02,2.5,1.25,monday,friday_d5_r1
layer2,calibration_adaptive_decoder,friday,5,1,5000,static_weighted_mwpm,0.0006,0.00020407096088550332,0.001762737900530094,0.02,2.5,1.25,monday,friday_d5_r1
layer2,calibration_adaptive_decoder,friday,5,1,5000,calibration_aware_mwpm,0.0006,0.00020407096088550332,0.001762737900530094,0.02,2.5,1.25,monday,friday_d5_r1
layer2,calibration_adaptive_decoder,monday,5,3,5000,majority_vote,0.0202,0.016652929613278054,0.024483784226744385,0.012,8.0,1.0,monday,monday_d5_r3
layer2,calibration_adaptive_decoder,monday,5,3,5000,uniform_mwpm,0.0002,3.5304875272480036e-05,0.0011321181702531819,0.012,8.0,1.0,monday,monday_d5_r3
layer2,calibration_adaptive_decoder,monday,5,3,5000,static_weighted_mwpm,0.0002,3.5304875272480036e-05,0.0011321181702531819,0.012,8.0,1.0,monday,monday_d5_r3
layer2,calibration_adaptive_decoder,monday,5,3,5000,calibration_aware_mwpm,0.0002,3.5304875272480036e-05,0.0011321181702531819,0.012,8.0,1.0,monday,monday_d5_r3
layer2,calibration_adaptive_decoder,wednesday,5,3,5000,majority_vote,0.0352,0.030438229049704623,0.04067545288619041,0.016,5.0,1.15,monday,wednesday_d5_r3
layer2,calibration_adaptive_decoder,wednesday,5,3,5000,uniform_mwpm,0.0008,0.0003111419445903861,0.0020553598247701793,0.016,5.0,1.15,monday,wednesday_d5_r3
layer2,calibration_adaptive_decoder,wednesday,5,3,5000,static_weighted_mwpm,0.0002,3.5304875272480036e-05,0.0011321181702531819,0.016,5.0,1.15,monday,wednesday_d5_r3
layer2,calibration_adaptive_decoder,wednesday,5,3,5000,calibration_aware_mwpm,0.0002,3.5304875272480036e-05,0.0011321181702531819,0.016,5.0,1.15,monday,wednesday_d5_r3
layer2,calibration_adaptive_decoder,friday,5,3,5000,majority_vote,0.0592,0.05299062716091335,0.0660862037283778,0.02,2.5,1.25,monday,friday_d5_r3
layer2,calibration_adaptive_decoder,friday,5,3,5000,uniform_mwpm,0.0014,0.0006783239436107811,0.002887256549584687,0.02,2.5,1.25,monday,friday_d5_r3
layer2,calibration_adaptive_decoder,friday,5,3,5000,static_weighted_mwpm,0.0002,3.5304875272480036e-05,0.0011321181702531819,0.02,2.5,1.25,monday,friday_d5_r3
layer2,calibration_adaptive_decoder,friday,5,3,5000,calibration_aware_mwpm,0.0004,0.0001096989857531115,0.001457416967717518,0.02,2.5,1.25,monday,friday_d5_r3
layer2,calibration_adaptive_decoder,monday,5,5,5000,majority_vote,0.0306,0.026174608347657842,0.03574613670550292,0.012,8.0,1.0,monday,monday_d5_r5
layer2,calibration_adaptive_decoder,monday,5,5,5000,uniform_mwpm,0.0002,3.5304875272480036e-05,0.0011321181702531819,0.012,8.0,1.0,monday,monday_d5_r5
layer2,calibration_adaptive_decoder,monday,5,5,5000,static_weighted_mwpm,0.0002,3.5304875272480036e-05,0.0011321181702531819,0.012,8.0,1.0,monday,monday_d5_r5
layer2,calibration_adaptive_decoder,monday,5,5,5000,calibration_aware_mwpm,0.0002,3.5304875272480036e-05,0.0011321181702531819,0.012,8.0,1.0,monday,monday_d5_r5
layer2,calibration_adaptive_decoder,wednesday,5,5,5000,majority_vote,0.0452,0.03978246494855129,0.05131586238459212,0.016,5.0,1.15,monday,wednesday_d5_r5
layer2,calibration_adaptive_decoder,wednesday,5,5,5000,uniform_mwpm,0.0002,3.5304875272480036e-05,0.0011321181702531819,0.016,5.0,1.15,monday,wednesday_d5_r5
layer2,calibration_adaptive_decoder,wednesday,5,5,5000,static_weighted_mwpm,0.0002,3.5304875272480036e-05,0.0011321181702531819,0.016,5.0,1.15,monday,wednesday_d5_r5
layer2,calibration_adaptive_decoder,wednesday,5,5,5000,calibration_aware_mwpm,0.0002,3.5304875272480036e-05,0.0011321181702531819,0.016,5.0,1.15,monday,wednesday_d5_r5
layer2,calibration_adaptive_decoder,friday,5,5,5000,majority_vote,0.0792,0.07203354146921309,0.08701258021457484,0.02,2.5,1.25,monday,friday_d5_r5
layer2,calibration_adaptive_decoder,friday,5,5,5000,uniform_mwpm,0.0016,0.0008109653833484613,0.0031543080177919747,0.02,2.5,1.25,monday,friday_d5_r5
layer2,calibration_adaptive_decoder,friday,5,5,5000,static_weighted_mwpm,0.0012,0.0005500756587335479,0.002615811926516952,0.02,2.5,1.25,monday,friday_d5_r5
layer2,calibration_adaptive_decoder,friday,5,5,5000,calibration_aware_mwpm,0.0014,0.0006783239436107811,0.002887256549584687,0.02,2.5,1.25,monday,friday_d5_r5
layer2,calibration_adaptive_decoder,monday,5,7,5000,majority_vote,0.032,0.027469481390651855,0.03724911401812369,0.012,8.0,1.0,monday,monday_d5_r7
layer2,calibration_adaptive_decoder,monday,5,7,5000,uniform_mwpm,0.0,0.0,0.000767730137580694,0.012,8.0,1.0,monday,monday_d5_r7
layer2,calibration_adaptive_decoder,monday,5,7,5000,static_weighted_mwpm,0.0,0.0,0.000767730137580694,0.012,8.0,1.0,monday,monday_d5_r7
layer2,calibration_adaptive_decoder,monday,5,7,5000,calibration_aware_mwpm,0.0,0.0,0.000767730137580694,0.012,8.0,1.0,monday,monday_d5_r7
layer2,calibration_adaptive_decoder,wednesday,5,7,5000,majority_vote,0.0576,0.05147516630087711,0.06440412132485429,0.016,5.0,1.15,monday,wednesday_d5_r7
layer2,calibration_adaptive_decoder,wednesday,5,7,5000,uniform_mwpm,0.0012,0.0005500756587335479,0.002615811926516952,0.016,5.0,1.15,monday,wednesday_d5_r7
layer2,calibration_adaptive_decoder,wednesday,5,7,5000,static_weighted_mwpm,0.0006,0.00020407096088550332,0.001762737900530094,0.016,5.0,1.15,monday,wednesday_d5_r7
layer2,calibration_adaptive_decoder,wednesday,5,7,5000,calibration_aware_mwpm,0.0006,0.00020407096088550332,0.001762737900530094,0.016,5.0,1.15,monday,wednesday_d5_r7
layer2,calibration_adaptive_decoder,friday,5,7,5000,majority_vote,0.1038,0.09564775414853591,0.11256059521248304,0.02,2.5,1.25,monday,friday_d5_r7
layer2,calibration_adaptive_decoder,friday,5,7,5000,uniform_mwpm,0.004,0.0025909223507485585,0.006170665945731489,0.02,2.5,1.25,monday,friday_d5_r7
layer2,calibration_adaptive_decoder,friday,5,7,5000,static_weighted_mwpm,0.0024,0.001373451819731108,0.004190593213189199,0.02,2.5,1.25,monday,friday_d5_r7
layer2,calibration_adaptive_decoder,friday,5,7,5000,calibration_aware_mwpm,0.0022,0.001228902612090369,0.00393544951288497,0.02,2.5,1.25,monday,friday_d5_r7
