layer,experiment,distance,rounds,p_mean,scenario,effective_p_mean,effective_p_std,defect_index,shots,seed,method,failures,logical_error_rate
layer2,heterogeneous_noise_same_mean,5,5,0.01,uniform_control,0.01,0.0,0,100000,12345,final_data_majority,124,0.00124
layer2,heterogeneous_noise_same_mean,5,5,0.01,uniform_control,0.01,0.0,0,100000,12345,unweighted_mwpm,22,0.00022
layer2,heterogeneous_noise_same_mean,5,5,0.01,uniform_control,0.01,0.0,0,100000,12345,mwpm_nominal_uniform_model,15,0.00015
layer2,heterogeneous_noise_same_mean,5,5,0.01,uniform_control,0.01,0.0,0,100000,12345,mwpm_oracle_heterogeneous_model,15,0.00015
layer2,heterogeneous_noise_same_mean,5,5,0.01,local_defect_edge,0.009999999999999998,0.0075,0,100000,12345,final_data_majority,102,0.00102
layer2,heterogeneous_noise_same_mean,5,5,0.01,local_defect_edge,0.009999999999999998,0.0075,0,100000,12345,unweighted_mwpm,25,0.00025
layer2,heterogeneous_noise_same_mean,5,5,0.01,local_defect_edge,0.009999999999999998,0.0075,0,100000,12345,mwpm_nominal_uniform_model,12,0.00012
layer2,heterogeneous_noise_same_mean,5,5,0.01,local_defect_edge,0.009999999999999998,0.0075,0,100000,12345,mwpm_oracle_heterogeneous_model,13,0.00013
layer2,heterogeneous_noise_same_mean,5,5,0.01,local_defect_center,0.01,0.0075000000000000015,2,100000,12345,final_data_majority,104,0.00104
layer2,heterogeneous_noise_same_mean,5,5,0.01,local_defect_center,0.01,0.0075000000000000015,2,100000,12345,unweighted_mwpm,25,0.00025
layer2,heterogeneous_noise_same_mean,5,5,0.01,local_defect_center,0.01,0.0075000000000000015,2,100000,12345,mwpm_nominal_uniform_model,20,0.0002
layer2,heterogeneous_noise_same_mean,5,5,0.01,local_defect_center,0.01,0.0075000000000000015,2,100000,12345,mwpm_oracle_heterogeneous_model,15,0.00015
layer2,heterogeneous_noise_same_mean,5,5,0.02,uniform_control,0.02,0.0,0,100000,12345,final_data_majority,753,0.00753
layer2,heterogeneous_noise_same_mean,5,5,0.02,uniform_control,0.02,0.0,0,100000,12345,unweighted_mwpm,182,0.00182
layer2,heterogeneous_noise_same_mean,5,5,0.02,uniform_control,0.02,0.0,0,100000,12345,mwpm_nominal_uniform_model,95,0.00095
layer2,heterogeneous_noise_same_mean,5,5,0.02,uniform_control,0.02,0.0,0,100000,12345,mwpm_oracle_heterogeneous_model,95,0.00095
layer2,heterogeneous_noise_same_mean,5,5,0.02,local_defect_edge,0.019999999999999997,0.015,0,100000,12345,final_data_majority,561,0.00561
layer2,heterogeneous_noise_same_mean,5,5,0.02,local_defect_edge,0.019999999999999997,0.015,0,100000,12345,unweighted_mwpm,140,0.0014
layer2,heterogeneous_noise_same_mean,5,5,0.02,local_defect_edge,0.019999999999999997,0.015,0,100000,12345,mwpm_nominal_uniform_model,70,0.0007
layer2,heterogeneous_noise_same_mean,5,5,0.02,local_defect_edge,0.019999999999999997,0.015,0,100000,12345,mwpm_oracle_heterogeneous_model,73,0.00073
layer2,heterogeneous_noise_same_mean,5,5,0.02,local_defect_center,0.02,0.015000000000000003,2,100000,12345,final_data_majority,587,0.00587
layer2,heterogeneous_noise_same_mean,5,5,0.02,local_defect_center,0.02,0.015000000000000003,2,100000,12345,unweighted_mwpm,135,0.00135
layer2,heterogeneous_noise_same_mean,5,5,0.02,local_defect_center,0.02,0.015000000000000003,2,100000,12345,mwpm_nominal_uniform_model,70,0.0007
layer2,heterogeneous_noise_same_mean,5,5,0.02,local_defect_center,0.02,0.015000000000000003,2,100000,12345,mwpm_oracle_heterogeneous_model,73,0.00073
layer2,heterogeneous_noise_same_mean,7,7,0.01,uniform_control,0.01,0.0,0,100000,12345,final_data_majority,92,0.00092
layer2,heterogeneous_noise_same_mean,7,7,0.01,uniform_control,0.01,0.0,0,100000,12345,unweighted_mwpm,2,2e-05
layer2,heterogeneous_noise_same_mean,7,7,0.01,uniform_control,0.01,0.0,0,100000,12345,mwpm_nominal_uniform_model,0,0.0
layer2,heterogeneous_noise_same_mean,7,7,0.01,uniform_control,0.01,0.0,0,100000,12345,mwpm_oracle_heterogeneous_model,0,0.0
layer2,heterogeneous_noise_same_mean,7,7,0.01,local_defect_edge,0.01,0.006123724356957947,0,100000,12345,final_data_majority,59,0.00059
layer2,heterogeneous_noise_same_mean,7,7,0.01,local_defect_edge,0.01,0.006123724356957947,0,100000,12345,unweighted_mwpm,7,7e-05
layer2,heterogeneous_noise_same_mean,7,7,0.01,local_defect_edge,0.01,0.006123724356957947,0,100000,12345,mwpm_nominal_uniform_model,3,3e-05
layer2,heterogeneous_noise_same_mean,7,7,0.01,local_defect_edge,0.01,0.006123724356957947,0,100000,12345,mwpm_oracle_heterogeneous_model,3,3e-05
layer2,heterogeneous_noise_same_mean,7,7,0.01,local_defect_center,0.01,0.006123724356957946,3,100000,12345,final_data_majority,64,0.00064
layer2,heterogeneous_noise_same_mean,7,7,0.01,local_defect_center,0.01,0.006123724356957946,3,100000,12345,unweighted_mwpm,1,1e-05
layer2,heterogeneous_noise_same_mean,7,7,0.01,local_defect_center,0.01,0.006123724356957946,3,100000,12345,mwpm_nominal_uniform_model,0,0.0
layer2,heterogeneous_noise_same_mean,7,7,0.01,local_defect_center,0.01,0.006123724356957946,3,100000,12345,mwpm_oracle_heterogeneous_model,0,0.0
layer2,heterogeneous_noise_same_mean,7,7,0.02,uniform_control,0.02,0.0,0,100000,12345,final_data_majority,713,0.00713
layer2,heterogeneous_noise_same_mean,7,7,0.02,uniform_control,0.02,0.0,0,100000,12345,unweighted_mwpm,30,0.0003
layer2,heterogeneous_noise_same_mean,7,7,0.02,uniform_control,0.02,0.0,0,100000,12345,mwpm_nominal_uniform_model,14,0.00014
layer2,heterogeneous_noise_same_mean,7,7,0.02,uniform_control,0.02,0.0,0,100000,12345,mwpm_oracle_heterogeneous_model,14,0.00014
layer2,heterogeneous_noise_same_mean,7,7,0.02,local_defect_edge,0.02,0.012247448713915894,0,100000,12345,final_data_majority,600,0.006
layer2,heterogeneous_noise_same_mean,7,7,0.02,local_defect_edge,0.02,0.012247448713915894,0,100000,12345,unweighted_mwpm,33,0.00033
layer2,heterogeneous_noise_same_mean,7,7,0.02,local_defect_edge,0.02,0.012247448713915894,0,100000,12345,mwpm_nominal_uniform_model,9,9e-05
layer2,heterogeneous_noise_same_mean,7,7,0.02,local_defect_edge,0.02,0.012247448713915894,0,100000,12345,mwpm_oracle_heterogeneous_model,6,6e-05
layer2,heterogeneous_noise_same_mean,7,7,0.02,local_defect_center,0.02,0.012247448713915893,3,100000,12345,final_data_majority,511,0.00511
layer2,heterogeneous_noise_same_mean,7,7,0.02,local_defect_center,0.02,0.012247448713915893,3,100000,12345,unweighted_mwpm,25,0.00025
layer2,heterogeneous_noise_same_mean,7,7,0.02,local_defect_center,0.02,0.012247448713915893,3,100000,12345,mwpm_nominal_uniform_model,9,9e-05
layer2,heterogeneous_noise_same_mean,7,7,0.02,local_defect_center,0.02,0.012247448713915893,3,100000,12345,mwpm_oracle_heterogeneous_model,10,0.0001
