layer,experiment,label,kind,rounds,logical_bit,delay_dt,total_delay_dt,control_data_index,transpiled_duration_dt,duration_match_delta_dt,shots,backend,successes,logical_success_probability,logical_error_rate,majority_successes,history_successes,majority_success_probability,history_success_probability,majority_error_rate,history_error_rate,paired_both_correct,paired_majority_only,paired_history_only,paired_both_wrong,majority_success_ci95_low,majority_success_ci95_high,history_success_ci95_low,history_success_ci95_high,success_ci95_low,success_ci95_high,error_rate_ci95_low,error_rate_ci95_high,ci95_low,ci95_high,run_dir
layer3,ibm_hardware_syndrome_validation,unencoded_r3_log0_dq1_delay0,unencoded,3,0,0,2265.0,1,2680,0,128,ibm_fez,128,1.0,0.0,128,128,1.0,1.0,0.0,0.0,128,0,0,0,0.970862004101892,1.0,0.970862004101892,1.0,0.970862004101892,1.0,1.1102230246251563e-16,0.029137995898108,0.970862004101892,1.0,C:\Me\qec_repetition_research\results\ibm_hardware_syndrome_validation_results_syndrome_validation_20261004T200757Z
layer3,ibm_hardware_syndrome_validation,encoded_r3_log1_delay0,encoded,3,1,0,,0,2680,0,128,ibm_fez,122,0.953125,0.046875,125,122,0.9765625,0.953125,0.0234375,0.046875,119,6,3,0,0.933355119099728,0.991997728559888,0.9015012401106196,0.97834245110672,0.9015012401106196,0.97834245110672,0.0216575488932799,0.0984987598893805,0.9015012401106196,0.97834245110672,C:\Me\qec_repetition_research\results\ibm_hardware_syndrome_validation_results_syndrome_validation_20261004T200757Z
layer3,ibm_hardware_syndrome_validation,unencoded_r3_log1_dq0_delay0,unencoded,3,1,0,2259.0,0,2680,0,128,ibm_fez,109,0.8515625,0.1484375,109,109,0.8515625,0.8515625,0.1484375,0.1484375,109,0,0,19,0.7797712148689779,0.902866131765165,0.7797712148689779,0.902866131765165,0.7797712148689779,0.902866131765165,0.097133868234835,0.220228785131022,0.7797712148689779,0.902866131765165,C:\Me\qec_repetition_research\results\ibm_hardware_syndrome_validation_results_syndrome_validation_20261004T200757Z
layer3,ibm_hardware_syndrome_validation,encoded_r1_log1_delay0,encoded,1,1,0,,0,916,0,128,ibm_fez,128,1.0,0.0,128,128,1.0,1.0,0.0,0.0,128,0,0,0,0.970862004101892,1.0,0.970862004101892,1.0,0.970862004101892,1.0,1.1102230246251563e-16,0.029137995898108,0.970862004101892,1.0,C:\Me\qec_repetition_research\results\ibm_hardware_syndrome_validation_results_syndrome_validation_20261004T200757Z
layer3,ibm_hardware_syndrome_validation,unencoded_r3_log1_dq2_delay0,unencoded,3,1,0,2259.0,2,2680,0,128,ibm_fez,112,0.875,0.125,112,112,0.875,0.875,0.125,0.125,112,0,0,16,0.8065722764742785,0.9215742266021404,0.8065722764742785,0.9215742266021404,0.8065722764742785,0.9215742266021404,0.0784257733978596,0.1934277235257214,0.8065722764742785,0.9215742266021404,C:\Me\qec_repetition_research\results\ibm_hardware_syndrome_validation_results_syndrome_validation_20261004T200757Z
layer3,ibm_hardware_syndrome_validation,unencoded_r1_log0_dq0_delay0,unencoded,1,0,0,501.0,0,916,0,128,ibm_fez,126,0.984375,0.015625,126,126,0.984375,0.984375,0.015625,0.015625,126,0,0,2,0.9448179261814564,0.9957046402922513,0.9448179261814564,0.9957046402922513,0.9448179261814564,0.9957046402922513,0.0042953597077487,0.0551820738185434,0.9448179261814564,0.9957046402922513,C:\Me\qec_repetition_research\results\ibm_hardware_syndrome_validation_results_syndrome_validation_20261004T200757Z
layer3,ibm_hardware_syndrome_validation,unencoded_r1_log0_dq2_delay0,unencoded,1,0,0,501.0,2,916,0,128,ibm_fez,128,1.0,0.0,128,128,1.0,1.0,0.0,0.0,128,0,0,0,0.970862004101892,1.0,0.970862004101892,1.0,0.970862004101892,1.0,1.1102230246251563e-16,0.029137995898108,0.970862004101892,1.0,C:\Me\qec_repetition_research\results\ibm_hardware_syndrome_validation_results_syndrome_validation_20261004T200757Z
layer3,ibm_hardware_syndrome_validation,unencoded_r1_log1_dq0_delay0,unencoded,1,1,0,495.0,0,916,0,128,ibm_fez,117,0.9140625,0.0859375,117,117,0.9140625,0.9140625,0.0859375,0.0859375,117,0,0,11,0.852657726143762,0.9513373710031172,0.852657726143762,0.9513373710031172,0.852657726143762,0.9513373710031172,0.0486626289968827,0.147342273856238,0.852657726143762,0.9513373710031172,C:\Me\qec_repetition_research\results\ibm_hardware_syndrome_validation_results_syndrome_validation_20261004T200757Z
layer3,ibm_hardware_syndrome_validation,unencoded_r1_log0_dq1_delay0,unencoded,1,0,0,501.0,1,916,0,128,ibm_fez,127,0.9921875,0.0078125,127,127,0.9921875,0.9921875,0.0078125,0.0078125,127,0,0,1,0.9570726816506786,0.998619603637121,0.9570726816506786,0.998619603637121,0.9570726816506786,0.998619603637121,0.001380396362879,0.0429273183493214,0.9570726816506786,0.998619603637121,C:\Me\qec_repetition_research\results\ibm_hardware_syndrome_validation_results_syndrome_validation_20261004T200757Z
layer3,ibm_hardware_syndrome_validation,unencoded_r1_log1_dq1_delay0,unencoded,1,1,0,495.0,1,916,0,128,ibm_fez,127,0.9921875,0.0078125,127,127,0.9921875,0.9921875,0.0078125,0.0078125,127,0,0,1,0.9570726816506786,0.998619603637121,0.9570726816506786,0.998619603637121,0.9570726816506786,0.998619603637121,0.001380396362879,0.0429273183493214,0.9570726816506786,0.998619603637121,C:\Me\qec_repetition_research\results\ibm_hardware_syndrome_validation_results_syndrome_validation_20261004T200757Z
layer3,ibm_hardware_syndrome_validation,unencoded_r3_log0_dq2_delay0,unencoded,3,0,0,2265.0,2,2680,0,128,ibm_fez,128,1.0,0.0,128,128,1.0,1.0,0.0,0.0,128,0,0,0,0.970862004101892,1.0,0.970862004101892,1.0,0.970862004101892,1.0,1.1102230246251563e-16,0.029137995898108,0.970862004101892,1.0,C:\Me\qec_repetition_research\results\ibm_hardware_syndrome_validation_results_syndrome_validation_20261004T200757Z
layer3,ibm_hardware_syndrome_validation,encoded_r3_log0_delay0,encoded,3,0,0,,0,2680,0,128,ibm_fez,128,1.0,0.0,128,128,1.0,1.0,0.0,0.0,128,0,0,0,0.970862004101892,1.0,0.970862004101892,1.0,0.970862004101892,1.0,1.1102230246251563e-16,0.029137995898108,0.970862004101892,1.0,C:\Me\qec_repetition_research\results\ibm_hardware_syndrome_validation_results_syndrome_validation_20261004T200757Z
layer3,ibm_hardware_syndrome_validation,encoded_r1_log0_delay0,encoded,1,0,0,,0,916,0,128,ibm_fez,128,1.0,0.0,128,128,1.0,1.0,0.0,0.0,128,0,0,0,0.970862004101892,1.0,0.970862004101892,1.0,0.970862004101892,1.0,1.1102230246251563e-16,0.029137995898108,0.970862004101892,1.0,C:\Me\qec_repetition_research\results\ibm_hardware_syndrome_validation_results_syndrome_validation_20261004T200757Z
layer3,ibm_hardware_syndrome_validation,unencoded_r1_log1_dq2_delay0,unencoded,1,1,0,495.0,2,916,0,128,ibm_fez,124,0.96875,0.03125,124,124,0.96875,0.96875,0.03125,0.03125,124,0,0,4,0.9224011964206392,0.9877819324248844,0.9224011964206392,0.9877819324248844,0.9224011964206392,0.9877819324248844,0.0122180675751155,0.0775988035793606,0.9224011964206392,0.9877819324248844,C:\Me\qec_repetition_research\results\ibm_hardware_syndrome_validation_results_syndrome_validation_20261004T200757Z
layer3,ibm_hardware_syndrome_validation,unencoded_r3_log1_dq1_delay0,unencoded,3,1,0,2259.0,1,2680,0,128,ibm_fez,117,0.9140625,0.0859375,117,117,0.9140625,0.9140625,0.0859375,0.0859375,117,0,0,11,0.852657726143762,0.9513373710031172,0.852657726143762,0.9513373710031172,0.852657726143762,0.9513373710031172,0.0486626289968827,0.147342273856238,0.852657726143762,0.9513373710031172,C:\Me\qec_repetition_research\results\ibm_hardware_syndrome_validation_results_syndrome_validation_20261004T200757Z
layer3,ibm_hardware_syndrome_validation,unencoded_r3_log0_dq0_delay0,unencoded,3,0,0,2265.0,0,2680,0,128,ibm_fez,128,1.0,0.0,128,128,1.0,1.0,0.0,0.0,128,0,0,0,0.970862004101892,1.0,0.970862004101892,1.0,0.970862004101892,1.0,1.1102230246251563e-16,0.029137995898108,0.970862004101892,1.0,C:\Me\qec_repetition_research\results\ibm_hardware_syndrome_validation_results_syndrome_validation_20261004T200757Z
layer3,ibm_hardware_syndrome_validation,unencoded_r1_log0_dq0_delay128,unencoded,1,0,128,623.0,0,1038,0,128,ibm_fez,127,0.9921875,0.0078125,127,127,0.9921875,0.9921875,0.0078125,0.0078125,127,0,0,1,0.9570726816506786,0.998619603637121,0.9570726816506786,0.998619603637121,0.9570726816506786,0.998619603637121,0.001380396362879,0.0429273183493214,0.9570726816506786,0.998619603637121,C:\Me\qec_repetition_research\results\ibm_hardware_syndrome_validation_results_syndrome_validation_20261004T200817Z
layer3,ibm_hardware_syndrome_validation,unencoded_r1_log1_dq0_delay128,unencoded,1,1,128,623.0,0,1044,0,128,ibm_fez,119,0.9296875,0.0703125,119,119,0.9296875,0.9296875,0.0703125,0.0703125,119,0,0,9,0.871763878213073,0.9625706565619904,0.871763878213073,0.9625706565619904,0.871763878213073,0.9625706565619904,0.0374293434380095,0.128236121786927,0.871763878213073,0.9625706565619904,C:\Me\qec_repetition_research\results\ibm_hardware_syndrome_validation_results_syndrome_validation_20261004T200817Z
layer3,ibm_hardware_syndrome_validation,unencoded_r1_log1_dq2_delay128,unencoded,1,1,128,623.0,2,1044,0,128,ibm_fez,122,0.953125,0.046875,122,122,0.953125,0.953125,0.046875,0.046875,122,0,0,6,0.9015012401106196,0.97834245110672,0.9015012401106196,0.97834245110672,0.9015012401106196,0.97834245110672,0.0216575488932799,0.0984987598893805,0.9015012401106196,0.97834245110672,C:\Me\qec_repetition_research\results\ibm_hardware_syndrome_validation_results_syndrome_validation_20261004T200817Z
layer3,ibm_hardware_syndrome_validation,encoded_r3_log0_delay128,encoded,3,0,128,,0,2802,0,128,ibm_fez,127,0.9921875,0.0078125,128,127,1.0,0.9921875,0.0,0.0078125,127,1,0,0,0.970862004101892,1.0,0.9570726816506786,0.998619603637121,0.9570726816506786,0.998619603637121,0.001380396362879,0.0429273183493214,0.9570726816506786,0.998619603637121,C:\Me\qec_repetition_research\results\ibm_hardware_syndrome_validation_results_syndrome_validation_20261004T200817Z
layer3,ibm_hardware_syndrome_validation,unencoded_r3_log1_dq0_delay128,unencoded,3,1,128,2387.0,0,2808,0,128,ibm_fez,104,0.8125,0.1875,104,104,0.8125,0.8125,0.1875,0.1875,104,0,0,24,0.7361492727731167,0.8706394797905659,0.7361492727731167,0.8706394797905659,0.7361492727731167,0.8706394797905659,0.1293605202094341,0.2638507272268833,0.7361492727731167,0.8706394797905659,C:\Me\qec_repetition_research\results\ibm_hardware_syndrome_validation_results_syndrome_validation_20261004T200817Z
layer3,ibm_hardware_syndrome_validation,unencoded_r1_log0_dq1_delay128,unencoded,1,0,128,623.0,1,1038,0,128,ibm_fez,128,1.0,0.0,128,128,1.0,1.0,0.0,0.0,128,0,0,0,0.970862004101892,1.0,0.970862004101892,1.0,0.970862004101892,1.0,1.1102230246251563e-16,0.029137995898108,0.970862004101892,1.0,C:\Me\qec_repetition_research\results\ibm_hardware_syndrome_validation_results_syndrome_validation_20261004T200817Z
layer3,ibm_hardware_syndrome_validation,unencoded_r1_log0_dq2_delay128,unencoded,1,0,128,623.0,2,1038,0,128,ibm_fez,127,0.9921875,0.0078125,127,127,0.9921875,0.9921875,0.0078125,0.0078125,127,0,0,1,0.9570726816506786,0.998619603637121,0.9570726816506786,0.998619603637121,0.9570726816506786,0.998619603637121,0.001380396362879,0.0429273183493214,0.9570726816506786,0.998619603637121,C:\Me\qec_repetition_research\results\ibm_hardware_syndrome_validation_results_syndrome_validation_20261004T200817Z
layer3,ibm_hardware_syndrome_validation,encoded_r1_log0_delay128,encoded,1,0,128,,0,1038,0,128,ibm_fez,128,1.0,0.0,128,128,1.0,1.0,0.0,0.0,128,0,0,0,0.970862004101892,1.0,0.970862004101892,1.0,0.970862004101892,1.0,1.1102230246251563e-16,0.029137995898108,0.970862004101892,1.0,C:\Me\qec_repetition_research\results\ibm_hardware_syndrome_validation_results_syndrome_validation_20261004T200817Z
layer3,ibm_hardware_syndrome_validation,unencoded_r1_log1_dq1_delay128,unencoded,1,1,128,623.0,1,1044,0,128,ibm_fez,125,0.9765625,0.0234375,125,125,0.9765625,0.9765625,0.0234375,0.0234375,125,0,0,3,0.933355119099728,0.991997728559888,0.933355119099728,0.991997728559888,0.933355119099728,0.991997728559888,0.0080022714401121,0.0666448809002721,0.933355119099728,0.991997728559888,C:\Me\qec_repetition_research\results\ibm_hardware_syndrome_validation_results_syndrome_validation_20261004T200817Z
layer3,ibm_hardware_syndrome_validation,unencoded_r3_log1_dq2_delay128,unencoded,3,1,128,2387.0,2,2808,0,128,ibm_fez,108,0.84375,0.15625,108,108,0.84375,0.84375,0.15625,0.15625,108,0,0,20,0.7709503846480996,0.896517243171951,0.7709503846480996,0.896517243171951,0.7709503846480996,0.896517243171951,0.1034827568280489,0.2290496153519003,0.7709503846480996,0.896517243171951,C:\Me\qec_repetition_research\results\ibm_hardware_syndrome_validation_results_syndrome_validation_20261004T200817Z
layer3,ibm_hardware_syndrome_validation,unencoded_r3_log1_dq1_delay128,unencoded,3,1,128,2387.0,1,2808,0,128,ibm_fez,115,0.8984375,0.1015625,115,115,0.8984375,0.8984375,0.1015625,0.1015625,115,0,0,13,0.8339737340702361,0.9396819254484592,0.8339737340702361,0.9396819254484592,0.8339737340702361,0.9396819254484592,0.0603180745515409,0.1660262659297638,0.8339737340702361,0.9396819254484592,C:\Me\qec_repetition_research\results\ibm_hardware_syndrome_validation_results_syndrome_validation_20261004T200817Z
layer3,ibm_hardware_syndrome_validation,encoded_r1_log1_delay128,encoded,1,1,128,,0,1044,0,128,ibm_fez,128,1.0,0.0,128,128,1.0,1.0,0.0,0.0,128,0,0,0,0.970862004101892,1.0,0.970862004101892,1.0,0.970862004101892,1.0,1.1102230246251563e-16,0.029137995898108,0.970862004101892,1.0,C:\Me\qec_repetition_research\results\ibm_hardware_syndrome_validation_results_syndrome_validation_20261004T200817Z
layer3,ibm_hardware_syndrome_validation,unencoded_r3_log0_dq0_delay128,unencoded,3,0,128,2387.0,0,2802,0,128,ibm_fez,128,1.0,0.0,128,128,1.0,1.0,0.0,0.0,128,0,0,0,0.970862004101892,1.0,0.970862004101892,1.0,0.970862004101892,1.0,1.1102230246251563e-16,0.029137995898108,0.970862004101892,1.0,C:\Me\qec_repetition_research\results\ibm_hardware_syndrome_validation_results_syndrome_validation_20261004T200817Z
layer3,ibm_hardware_syndrome_validation,unencoded_r3_log0_dq1_delay128,unencoded,3,0,128,2387.0,1,2802,0,128,ibm_fez,128,1.0,0.0,128,128,1.0,1.0,0.0,0.0,128,0,0,0,0.970862004101892,1.0,0.970862004101892,1.0,0.970862004101892,1.0,1.1102230246251563e-16,0.029137995898108,0.970862004101892,1.0,C:\Me\qec_repetition_research\results\ibm_hardware_syndrome_validation_results_syndrome_validation_20261004T200817Z
layer3,ibm_hardware_syndrome_validation,unencoded_r3_log0_dq2_delay128,unencoded,3,0,128,2387.0,2,2802,0,128,ibm_fez,128,1.0,0.0,128,128,1.0,1.0,0.0,0.0,128,0,0,0,0.970862004101892,1.0,0.970862004101892,1.0,0.970862004101892,1.0,1.1102230246251563e-16,0.029137995898108,0.970862004101892,1.0,C:\Me\qec_repetition_research\results\ibm_hardware_syndrome_validation_results_syndrome_validation_20261004T200817Z
layer3,ibm_hardware_syndrome_validation,encoded_r3_log1_delay128,encoded,3,1,128,,0,2808,0,128,ibm_fez,123,0.9609375,0.0390625,121,123,0.9453125,0.9609375,0.0546875,0.0390625,119,2,4,3,0.8914138332864409,0.9732601391168066,0.911811773087382,0.9832016369440498,0.911811773087382,0.9832016369440498,0.0167983630559501,0.088188226912618,0.911811773087382,0.9832016369440498,C:\Me\qec_repetition_research\results\ibm_hardware_syndrome_validation_results_syndrome_validation_20261004T200817Z
layer3,ibm_hardware_syndrome_validation,unencoded_r3_log0_dq2_delay384,unencoded,3,0,384,2643.0,2,3058,0,128,ibm_fez,128,1.0,0.0,128,128,1.0,1.0,0.0,0.0,128,0,0,0,0.970862004101892,1.0,0.970862004101892,1.0,0.970862004101892,1.0,1.1102230246251563e-16,0.029137995898108,0.970862004101892,1.0,C:\Me\qec_repetition_research\results\ibm_hardware_syndrome_validation_results_syndrome_validation_20261004T200831Z
layer3,ibm_hardware_syndrome_validation,unencoded_r1_log1_dq2_delay384,unencoded,1,1,384,879.0,2,1300,0,128,ibm_fez,122,0.953125,0.046875,122,122,0.953125,0.953125,0.046875,0.046875,122,0,0,6,0.9015012401106196,0.97834245110672,0.9015012401106196,0.97834245110672,0.9015012401106196,0.97834245110672,0.0216575488932799,0.0984987598893805,0.9015012401106196,0.97834245110672,C:\Me\qec_repetition_research\results\ibm_hardware_syndrome_validation_results_syndrome_validation_20261004T200831Z
layer3,ibm_hardware_syndrome_validation,unencoded_r1_log0_dq0_delay384,unencoded,1,0,384,879.0,0,1294,0,128,ibm_fez,126,0.984375,0.015625,126,126,0.984375,0.984375,0.015625,0.015625,126,0,0,2,0.9448179261814564,0.9957046402922513,0.9448179261814564,0.9957046402922513,0.9448179261814564,0.9957046402922513,0.0042953597077487,0.0551820738185434,0.9448179261814564,0.9957046402922513,C:\Me\qec_repetition_research\results\ibm_hardware_syndrome_validation_results_syndrome_validation_20261004T200831Z
layer3,ibm_hardware_syndrome_validation,unencoded_r3_log0_dq1_delay384,unencoded,3,0,384,2643.0,1,3058,0,128,ibm_fez,128,1.0,0.0,128,128,1.0,1.0,0.0,0.0,128,0,0,0,0.970862004101892,1.0,0.970862004101892,1.0,0.970862004101892,1.0,1.1102230246251563e-16,0.029137995898108,0.970862004101892,1.0,C:\Me\qec_repetition_research\results\ibm_hardware_syndrome_validation_results_syndrome_validation_20261004T200831Z
layer3,ibm_hardware_syndrome_validation,encoded_r1_log0_delay384,encoded,1,0,384,,0,1294,0,128,ibm_fez,128,1.0,0.0,128,128,1.0,1.0,0.0,0.0,128,0,0,0,0.970862004101892,1.0,0.970862004101892,1.0,0.970862004101892,1.0,1.1102230246251563e-16,0.029137995898108,0.970862004101892,1.0,C:\Me\qec_repetition_research\results\ibm_hardware_syndrome_validation_results_syndrome_validation_20261004T200831Z
layer3,ibm_hardware_syndrome_validation,unencoded_r3_log1_dq2_delay384,unencoded,3,1,384,2643.0,2,3064,0,128,ibm_fez,111,0.8671875,0.1328125,111,111,0.8671875,0.8671875,0.1328125,0.1328125,111,0,0,17,0.7975783657084263,0.9153984185539006,0.7975783657084263,0.9153984185539006,0.7975783657084263,0.9153984185539006,0.0846015814460994,0.2024216342915736,0.7975783657084263,0.9153984185539006,C:\Me\qec_repetition_research\results\ibm_hardware_syndrome_validation_results_syndrome_validation_20261004T200831Z
layer3,ibm_hardware_syndrome_validation,unencoded_r1_log1_dq0_delay384,unencoded,1,1,384,879.0,0,1300,0,128,ibm_fez,123,0.9609375,0.0390625,123,123,0.9609375,0.9609375,0.0390625,0.0390625,123,0,0,5,0.911811773087382,0.9832016369440498,0.911811773087382,0.9832016369440498,0.911811773087382,0.9832016369440498,0.0167983630559501,0.088188226912618,0.911811773087382,0.9832016369440498,C:\Me\qec_repetition_research\results\ibm_hardware_syndrome_validation_results_syndrome_validation_20261004T200831Z
layer3,ibm_hardware_syndrome_validation,encoded_r3_log0_delay384,encoded,3,0,384,,0,3058,0,128,ibm_fez,128,1.0,0.0,128,128,1.0,1.0,0.0,0.0,128,0,0,0,0.970862004101892,1.0,0.970862004101892,1.0,0.970862004101892,1.0,1.1102230246251563e-16,0.029137995898108,0.970862004101892,1.0,C:\Me\qec_repetition_research\results\ibm_hardware_syndrome_validation_results_syndrome_validation_20261004T200831Z
layer3,ibm_hardware_syndrome_validation,unencoded_r3_log0_dq0_delay384,unencoded,3,0,384,2643.0,0,3058,0,128,ibm_fez,126,0.984375,0.015625,126,126,0.984375,0.984375,0.015625,0.015625,126,0,0,2,0.9448179261814564,0.9957046402922513,0.9448179261814564,0.9957046402922513,0.9448179261814564,0.9957046402922513,0.0042953597077487,0.0551820738185434,0.9448179261814564,0.9957046402922513,C:\Me\qec_repetition_research\results\ibm_hardware_syndrome_validation_results_syndrome_validation_20261004T200831Z
layer3,ibm_hardware_syndrome_validation,unencoded_r1_log0_dq1_delay384,unencoded,1,0,384,879.0,1,1294,0,128,ibm_fez,128,1.0,0.0,128,128,1.0,1.0,0.0,0.0,128,0,0,0,0.970862004101892,1.0,0.970862004101892,1.0,0.970862004101892,1.0,1.1102230246251563e-16,0.029137995898108,0.970862004101892,1.0,C:\Me\qec_repetition_research\results\ibm_hardware_syndrome_validation_results_syndrome_validation_20261004T200831Z
layer3,ibm_hardware_syndrome_validation,encoded_r1_log1_delay384,encoded,1,1,384,,0,1300,0,128,ibm_fez,127,0.9921875,0.0078125,128,127,1.0,0.9921875,0.0,0.0078125,127,1,0,0,0.970862004101892,1.0,0.9570726816506786,0.998619603637121,0.9570726816506786,0.998619603637121,0.001380396362879,0.0429273183493214,0.9570726816506786,0.998619603637121,C:\Me\qec_repetition_research\results\ibm_hardware_syndrome_validation_results_syndrome_validation_20261004T200831Z
layer3,ibm_hardware_syndrome_validation,unencoded_r3_log1_dq1_delay384,unencoded,3,1,384,2643.0,1,3064,0,128,ibm_fez,120,0.9375,0.0625,120,120,0.9375,0.9375,0.0625,0.0625,120,0,0,8,0.8815107956585421,0.9679934579306134,0.8815107956585421,0.9679934579306134,0.8815107956585421,0.9679934579306134,0.0320065420693865,0.1184892043414579,0.8815107956585421,0.9679934579306134,C:\Me\qec_repetition_research\results\ibm_hardware_syndrome_validation_results_syndrome_validation_20261004T200831Z
layer3,ibm_hardware_syndrome_validation,unencoded_r1_log1_dq1_delay384,unencoded,1,1,384,879.0,1,1300,0,128,ibm_fez,123,0.9609375,0.0390625,123,123,0.9609375,0.9609375,0.0390625,0.0390625,123,0,0,5,0.911811773087382,0.9832016369440498,0.911811773087382,0.9832016369440498,0.911811773087382,0.9832016369440498,0.0167983630559501,0.088188226912618,0.911811773087382,0.9832016369440498,C:\Me\qec_repetition_research\results\ibm_hardware_syndrome_validation_results_syndrome_validation_20261004T200831Z
layer3,ibm_hardware_syndrome_validation,unencoded_r1_log0_dq2_delay384,unencoded,1,0,384,879.0,2,1294,0,128,ibm_fez,127,0.9921875,0.0078125,127,127,0.9921875,0.9921875,0.0078125,0.0078125,127,0,0,1,0.9570726816506786,0.998619603637121,0.9570726816506786,0.998619603637121,0.9570726816506786,0.998619603637121,0.001380396362879,0.0429273183493214,0.9570726816506786,0.998619603637121,C:\Me\qec_repetition_research\results\ibm_hardware_syndrome_validation_results_syndrome_validation_20261004T200831Z
layer3,ibm_hardware_syndrome_validation,unencoded_r3_log1_dq0_delay384,unencoded,3,1,384,2643.0,0,3064,0,128,ibm_fez,99,0.7734375,0.2265625,99,99,0.7734375,0.7734375,0.2265625,0.2265625,99,0,0,29,0.6935716289452745,0.8373685295479476,0.6935716289452745,0.8373685295479476,0.6935716289452745,0.8373685295479476,0.1626314704520524,0.3064283710547255,0.6935716289452745,0.8373685295479476,C:\Me\qec_repetition_research\results\ibm_hardware_syndrome_validation_results_syndrome_validation_20261004T200831Z
layer3,ibm_hardware_syndrome_validation,encoded_r3_log1_delay384,encoded,3,1,384,,0,3064,0,128,ibm_fez,121,0.9453125,0.0546875,119,121,0.9296875,0.9453125,0.0703125,0.0546875,115,4,6,3,0.871763878213073,0.9625706565619904,0.8914138332864409,0.9732601391168066,0.8914138332864409,0.9732601391168066,0.0267398608831933,0.1085861667135591,0.8914138332864409,0.9732601391168066,C:\Me\qec_repetition_research\results\ibm_hardware_syndrome_validation_results_syndrome_validation_20261004T200831Z
