rounds,logical_bit,delay_dt,shots,history_successes,majority_successes,paired_history_only,paired_majority_only,history_error_rate,majority_error_rate,history_error_ci95_low,history_error_ci95_high,majority_error_ci95_low,majority_error_ci95_high,paired_exact_p_two_sided,mean_control_error_rate,max_control_error_rate,min_control_error_rate
1,0,0,6000,5988,6000,0,12,0.0020000000000000018,0.0,0.0011444717948286831,0.0034928257647871552,0.0,0.0006398569875660787,0.00048828125,0.007222222222222204,0.01100000000000001,0.0023333333333332984
1,0,128,6000,5986,6000,0,14,0.0023333333333332984,0.0,0.001390453190627805,0.003913084464329697,0.0,0.0006398569875660787,0.0001220703125,0.006833333333333358,0.010666666666666713,0.0020000000000000018
1,0,384,6000,5990,6000,0,10,0.0016666666666667052,0.0,0.0009055639415606054,0.0030654935227137914,0.0,0.0006398569875660787,0.001953125,0.007722222222222186,0.011333333333333306,0.0033333333333332993
1,1,0,6000,5953,5993,2,42,0.007833333333333359,0.0011666666666666492,0.005896112185421409,0.010400387042672876,0.0005652477440319936,0.0024064495772299077,1.1266365618212149e-10,0.019722222222222235,0.02949999999999997,0.0076666666666667105
1,1,128,6000,5951,5983,8,40,0.008166666666666655,0.0028333333333333544,0.006183139516459546,0.010779599806976403,0.0017697872128833447,0.004533110585086653,3.3052667092192682e-06,0.02794444444444444,0.04349999999999998,0.010333333333333306
1,1,384,6000,5933,5959,23,49,0.011166666666666658,0.006833333333333358,0.008803050166737103,0.014155850014773375,0.005041271386280188,0.009256507555789328,0.002942760530124976,0.04227777777777778,0.0695,0.02183333333333337
3,0,0,6000,5939,6000,0,61,0.010166666666666657,0.0,0.007923273464133684,0.013036906431352024,0.0,0.0006398569875660787,8.673617379884035e-19,0.007444444444444438,0.012333333333333307,0.0028333333333333544
3,0,128,6000,5921,6000,0,79,0.01316666666666666,0.0,0.01057801660280222,0.016378324150758017,0.0,0.0006398569875660787,3.308722450212111e-24,0.008444444444444477,0.012666666666666715,0.003666666666666707
3,0,384,6000,5927,6000,0,73,0.012166666666666659,0.0,0.009688175237826502,0.015269445229708967,0.0,0.0006398569875660787,2.117582368135751e-22,0.008499999999999988,0.011166666666666658,0.0043333333333333
3,1,0,6000,5747,5833,97,183,0.042166666666666686,0.027833333333333377,0.03736758435351739,0.04755164469476403,0.02396353023839315,0.03230737471019851,3.079252493364439e-07,0.1037222222222222,0.1818333333333333,0.04516666666666669
3,1,128,6000,5737,5803,122,188,0.04383333333333328,0.03283333333333338,0.03893841776841889,0.04931201175657063,0.028614708808575084,0.037649797570141086,0.00021181821274061875,0.10316666666666663,0.19399999999999995,0.04049999999999998
3,1,384,6000,5700,5764,131,195,0.050000000000000044,0.03933333333333333,0.0447674181102683,0.05580845317854133,0.03470217671774889,0.04455401152012861,0.00046639267320067206,0.11905555555555554,0.21266666666666667,0.054333333333333345
