layer,experiment,distance,rounds,p_total,bias_z,px,py,pz,shots,seed,failures,logical_error_rate
layer2,bias_sweep,3,3,0.01,0.1,0.0047619047619047615,0.0047619047619047615,0.0004761904761904762,25000,202,45,0.0018
layer2,bias_sweep,3,3,0.01,1.0,0.0033333333333333335,0.0033333333333333335,0.0033333333333333335,25000,202,17,0.00068
layer2,bias_sweep,3,3,0.01,10.0,0.0008333333333333334,0.0008333333333333334,0.008333333333333333,25000,202,4,0.00016
layer2,bias_sweep,3,3,0.01,100.0,9.80392156862745e-05,9.80392156862745e-05,0.00980392156862745,25000,202,0,0.0
layer2,bias_sweep,3,3,0.02,0.1,0.009523809523809523,0.009523809523809523,0.0009523809523809524,25000,202,107,0.00428
layer2,bias_sweep,3,3,0.02,1.0,0.006666666666666667,0.006666666666666667,0.006666666666666667,25000,202,71,0.00284
layer2,bias_sweep,3,3,0.02,10.0,0.0016666666666666668,0.0016666666666666668,0.016666666666666666,25000,202,9,0.00036
layer2,bias_sweep,3,3,0.02,100.0,0.000196078431372549,0.000196078431372549,0.0196078431372549,25000,202,1,4e-05
layer2,bias_sweep,5,5,0.01,0.1,0.0047619047619047615,0.0047619047619047615,0.0004761904761904762,25000,202,6,0.00024
layer2,bias_sweep,5,5,0.01,1.0,0.0033333333333333335,0.0033333333333333335,0.0033333333333333335,25000,202,2,8e-05
layer2,bias_sweep,5,5,0.01,10.0,0.0008333333333333334,0.0008333333333333334,0.008333333333333333,25000,202,1,4e-05
layer2,bias_sweep,5,5,0.01,100.0,9.80392156862745e-05,9.80392156862745e-05,0.00980392156862745,25000,202,0,0.0
layer2,bias_sweep,5,5,0.02,0.1,0.009523809523809523,0.009523809523809523,0.0009523809523809524,25000,202,21,0.00084
layer2,bias_sweep,5,5,0.02,1.0,0.006666666666666667,0.006666666666666667,0.006666666666666667,25000,202,10,0.0004
layer2,bias_sweep,5,5,0.02,10.0,0.0016666666666666668,0.0016666666666666668,0.016666666666666666,25000,202,1,4e-05
layer2,bias_sweep,5,5,0.02,100.0,0.000196078431372549,0.000196078431372549,0.0196078431372549,25000,202,0,0.0
layer2,bias_sweep,7,7,0.01,0.1,0.0047619047619047615,0.0047619047619047615,0.0004761904761904762,25000,202,1,4e-05
layer2,bias_sweep,7,7,0.01,1.0,0.0033333333333333335,0.0033333333333333335,0.0033333333333333335,25000,202,0,0.0
layer2,bias_sweep,7,7,0.01,10.0,0.0008333333333333334,0.0008333333333333334,0.008333333333333333,25000,202,0,0.0
layer2,bias_sweep,7,7,0.01,100.0,9.80392156862745e-05,9.80392156862745e-05,0.00980392156862745,25000,202,0,0.0
layer2,bias_sweep,7,7,0.02,0.1,0.009523809523809523,0.009523809523809523,0.0009523809523809524,25000,202,3,0.00012
layer2,bias_sweep,7,7,0.02,1.0,0.006666666666666667,0.006666666666666667,0.006666666666666667,25000,202,1,4e-05
layer2,bias_sweep,7,7,0.02,10.0,0.0016666666666666668,0.0016666666666666668,0.016666666666666666,25000,202,0,0.0
layer2,bias_sweep,7,7,0.02,100.0,0.000196078431372549,0.000196078431372549,0.0196078431372549,25000,202,0,0.0
