summary,distance,rounds,p_total,bias_z,total_failures,total_shots,pooled_logical_error_rate
bias_sweep_multiseed,3,3,0.01,0.1,121,75000,0.0016133333333333334
bias_sweep_multiseed,3,3,0.01,1.0,59,75000,0.0007866666666666666
bias_sweep_multiseed,3,3,0.01,10.0,15,75000,0.0002
bias_sweep_multiseed,3,3,0.01,100.0,0,75000,0.0
bias_sweep_multiseed,3,3,0.02,0.1,350,75000,0.004666666666666667
bias_sweep_multiseed,3,3,0.02,1.0,225,75000,0.003
bias_sweep_multiseed,3,3,0.02,10.0,33,75000,0.00044
bias_sweep_multiseed,3,3,0.02,100.0,8,75000,0.00010666666666666667
bias_sweep_multiseed,5,5,0.01,0.1,15,75000,0.0002
bias_sweep_multiseed,5,5,0.01,1.0,6,75000,8e-05
bias_sweep_multiseed,5,5,0.01,10.0,1,75000,1.3333333333333333e-05
bias_sweep_multiseed,5,5,0.01,100.0,0,75000,0.0
bias_sweep_multiseed,5,5,0.02,0.1,66,75000,0.00088
bias_sweep_multiseed,5,5,0.02,1.0,29,75000,0.00038666666666666667
bias_sweep_multiseed,5,5,0.02,10.0,1,75000,1.3333333333333333e-05
bias_sweep_multiseed,5,5,0.02,100.0,0,75000,0.0
bias_sweep_multiseed,7,7,0.01,0.1,1,75000,1.3333333333333333e-05
bias_sweep_multiseed,7,7,0.01,1.0,0,75000,0.0
bias_sweep_multiseed,7,7,0.01,10.0,0,75000,0.0
bias_sweep_multiseed,7,7,0.01,100.0,0,75000,0.0
bias_sweep_multiseed,7,7,0.02,0.1,12,75000,0.00016
bias_sweep_multiseed,7,7,0.02,1.0,2,75000,2.6666666666666667e-05
bias_sweep_multiseed,7,7,0.02,10.0,0,75000,0.0
bias_sweep_multiseed,7,7,0.02,100.0,0,75000,0.0
