layer,experiment,snapshot,distance,rounds,shots,method,seed,failures,logical_error_rate,ci95_low,ci95_high,snapshot_p_total,snapshot_bias_z,snapshot_meas_factor,static_reference_snapshot,same_syndrome_group
layer2,calibration_adaptive_decoder,monday,3,1,15000,detector_event_majority,101,233,0.0155333333333333,0.0136747573124519,0.0176399961037664,0.012,8.0,1.0,monday,monday_d3_r1
layer2,calibration_adaptive_decoder,monday,3,1,15000,uniform_mwpm,101,16,0.0010666666666666,0.0006566980171435,0.0017321301880276,0.012,8.0,1.0,monday,monday_d3_r1
layer2,calibration_adaptive_decoder,monday,3,1,15000,static_weighted_mwpm,101,15,0.001,0.0006061239963881,0.001649405014262,0.012,8.0,1.0,monday,monday_d3_r1
layer2,calibration_adaptive_decoder,monday,3,1,15000,oracle_informed_mwpm,101,15,0.001,0.0006061239963881,0.001649405014262,0.012,8.0,1.0,monday,monday_d3_r1
layer2,calibration_adaptive_decoder,wednesday,3,1,15000,detector_event_majority,101,353,0.0235333333333333,0.0212266285076368,0.0260840282510961,0.016,5.0,1.15,monday,wednesday_d3_r1
layer2,calibration_adaptive_decoder,wednesday,3,1,15000,uniform_mwpm,101,28,0.0018666666666666,0.0012918430348156,0.0026965755046069,0.016,5.0,1.15,monday,wednesday_d3_r1
layer2,calibration_adaptive_decoder,wednesday,3,1,15000,static_weighted_mwpm,101,20,0.0013333333333333,0.0008633211774202,0.0020587038058347,0.016,5.0,1.15,monday,wednesday_d3_r1
layer2,calibration_adaptive_decoder,wednesday,3,1,15000,oracle_informed_mwpm,101,20,0.0013333333333333,0.0008633211774202,0.0020587038058347,0.016,5.0,1.15,monday,wednesday_d3_r1
layer2,calibration_adaptive_decoder,friday,3,1,15000,detector_event_majority,101,539,0.0359333333333333,0.0330715617896778,0.0390327451499529,0.02,2.5,1.25,monday,friday_d3_r1
layer2,calibration_adaptive_decoder,friday,3,1,15000,uniform_mwpm,101,70,0.0046666666666666,0.0036956002004098,0.0058913845088928,0.02,2.5,1.25,monday,friday_d3_r1
layer2,calibration_adaptive_decoder,friday,3,1,15000,static_weighted_mwpm,101,48,0.0032,0.0024145732593105,0.0042398291705311,0.02,2.5,1.25,monday,friday_d3_r1
layer2,calibration_adaptive_decoder,friday,3,1,15000,oracle_informed_mwpm,101,48,0.0032,0.0024145732593105,0.0042398291705311,0.02,2.5,1.25,monday,friday_d3_r1
layer2,calibration_adaptive_decoder,monday,3,3,15000,detector_event_majority,101,310,0.0206666666666666,0.0185096544096766,0.0230691369846553,0.012,8.0,1.0,monday,monday_d3_r3
layer2,calibration_adaptive_decoder,monday,3,3,15000,uniform_mwpm,101,14,0.0009333333333333,0.0005560636460656,0.0015661661700635,0.012,8.0,1.0,monday,monday_d3_r3
layer2,calibration_adaptive_decoder,monday,3,3,15000,static_weighted_mwpm,101,9,0.0006,0.0003156989577123,0.0011400348858121,0.012,8.0,1.0,monday,monday_d3_r3
layer2,calibration_adaptive_decoder,monday,3,3,15000,oracle_informed_mwpm,101,9,0.0006,0.0003156989577123,0.0011400348858121,0.012,8.0,1.0,monday,monday_d3_r3
layer2,calibration_adaptive_decoder,wednesday,3,3,15000,detector_event_majority,101,534,0.0356,0.032751633136803,0.0386861778302228,0.016,5.0,1.15,monday,wednesday_d3_r3
layer2,calibration_adaptive_decoder,wednesday,3,3,15000,uniform_mwpm,101,56,0.0037333333333333,0.0028762925461796,0.0048445034398296,0.016,5.0,1.15,monday,wednesday_d3_r3
layer2,calibration_adaptive_decoder,wednesday,3,3,15000,static_weighted_mwpm,101,29,0.0019333333333333,0.0013464930527663,0.0027752246811772,0.016,5.0,1.15,monday,wednesday_d3_r3
layer2,calibration_adaptive_decoder,wednesday,3,3,15000,oracle_informed_mwpm,101,29,0.0019333333333333,0.0013464930527663,0.0027752246811772,0.016,5.0,1.15,monday,wednesday_d3_r3
layer2,calibration_adaptive_decoder,friday,3,3,15000,detector_event_majority,101,779,0.0519333333333333,0.0484956396263616,0.0556004739982983,0.02,2.5,1.25,monday,friday_d3_r3
layer2,calibration_adaptive_decoder,friday,3,3,15000,uniform_mwpm,101,115,0.0076666666666666,0.0063913596482238,0.0091940888145218,0.02,2.5,1.25,monday,friday_d3_r3
layer2,calibration_adaptive_decoder,friday,3,3,15000,static_weighted_mwpm,101,71,0.0047333333333333,0.0037545779299172,0.0059657059739064,0.02,2.5,1.25,monday,friday_d3_r3
layer2,calibration_adaptive_decoder,friday,3,3,15000,oracle_informed_mwpm,101,71,0.0047333333333333,0.0037545779299172,0.0059657059739064,0.02,2.5,1.25,monday,friday_d3_r3
layer2,calibration_adaptive_decoder,monday,3,5,15000,detector_event_majority,101,407,0.0271333333333333,0.0246518300123735,0.029856983250491,0.012,8.0,1.0,monday,monday_d3_r5
layer2,calibration_adaptive_decoder,monday,3,5,15000,uniform_mwpm,101,18,0.0012,0.0007592141339697,0.0018962124602432,0.012,8.0,1.0,monday,monday_d3_r5
layer2,calibration_adaptive_decoder,monday,3,5,15000,static_weighted_mwpm,101,12,0.0008,0.000457703105121,0.0013979283219662,0.012,8.0,1.0,monday,monday_d3_r5
layer2,calibration_adaptive_decoder,monday,3,5,15000,oracle_informed_mwpm,101,12,0.0008,0.000457703105121,0.0013979283219662,0.012,8.0,1.0,monday,monday_d3_r5
layer2,calibration_adaptive_decoder,wednesday,3,5,15000,detector_event_majority,101,633,0.0422,0.0390980999887672,0.0455363312358332,0.016,5.0,1.15,monday,wednesday_d3_r5
layer2,calibration_adaptive_decoder,wednesday,3,5,15000,uniform_mwpm,101,74,0.0049333333333333,0.0039318301231574,0.0061883513642291,0.016,5.0,1.15,monday,wednesday_d3_r5
layer2,calibration_adaptive_decoder,wednesday,3,5,15000,static_weighted_mwpm,101,35,0.0023333333333333,0.0016782784215083,0.0032432344795609,0.016,5.0,1.15,monday,wednesday_d3_r5
layer2,calibration_adaptive_decoder,wednesday,3,5,15000,oracle_informed_mwpm,101,35,0.0023333333333333,0.0016782784215083,0.0032432344795609,0.016,5.0,1.15,monday,wednesday_d3_r5
layer2,calibration_adaptive_decoder,friday,3,5,15000,detector_event_majority,101,1053,0.0702,0.0662204970740945,0.0743995958493071,0.02,2.5,1.25,monday,friday_d3_r5
layer2,calibration_adaptive_decoder,friday,3,5,15000,uniform_mwpm,101,165,0.011,0.0094515413104958,0.0127988668782976,0.02,2.5,1.25,monday,friday_d3_r5
layer2,calibration_adaptive_decoder,friday,3,5,15000,static_weighted_mwpm,101,97,0.0064666666666666,0.0053042361528536,0.0078818268085148,0.02,2.5,1.25,monday,friday_d3_r5
layer2,calibration_adaptive_decoder,friday,3,5,15000,oracle_informed_mwpm,101,98,0.0065333333333333,0.0053643677616797,0.0079549943942096,0.02,2.5,1.25,monday,friday_d3_r5
layer2,calibration_adaptive_decoder,monday,3,7,15000,detector_event_majority,101,487,0.0324666666666666,0.0297478463033148,0.0354249025212261,0.012,8.0,1.0,monday,monday_d3_r7
layer2,calibration_adaptive_decoder,monday,3,7,15000,uniform_mwpm,101,22,0.0014666666666666,0.0009687963671369,0.0022198270051599,0.012,8.0,1.0,monday,monday_d3_r7
layer2,calibration_adaptive_decoder,monday,3,7,15000,static_weighted_mwpm,101,10,0.0006666666666666,0.0003621672960596,0.0012268657419857,0.012,8.0,1.0,monday,monday_d3_r7
layer2,calibration_adaptive_decoder,monday,3,7,15000,oracle_informed_mwpm,101,10,0.0006666666666666,0.0003621672960596,0.0012268657419857,0.012,8.0,1.0,monday,monday_d3_r7
layer2,calibration_adaptive_decoder,wednesday,3,7,15000,detector_event_majority,101,776,0.0517333333333333,0.0483021554007137,0.0553940606403833,0.016,5.0,1.15,monday,wednesday_d3_r7
layer2,calibration_adaptive_decoder,wednesday,3,7,15000,uniform_mwpm,101,98,0.0065333333333333,0.0053643677616797,0.0079549943942096,0.016,5.0,1.15,monday,wednesday_d3_r7
layer2,calibration_adaptive_decoder,wednesday,3,7,15000,static_weighted_mwpm,101,48,0.0032,0.0024145732593105,0.0042398291705311,0.016,5.0,1.15,monday,wednesday_d3_r7
layer2,calibration_adaptive_decoder,wednesday,3,7,15000,oracle_informed_mwpm,101,48,0.0032,0.0024145732593105,0.0042398291705311,0.016,5.0,1.15,monday,wednesday_d3_r7
layer2,calibration_adaptive_decoder,friday,3,7,15000,detector_event_majority,101,1283,0.0855333333333333,0.0811630573363154,0.0901158503269059,0.02,2.5,1.25,monday,friday_d3_r7
layer2,calibration_adaptive_decoder,friday,3,7,15000,uniform_mwpm,101,212,0.0141333333333333,0.0123648417626243,0.0161506285686539,0.02,2.5,1.25,monday,friday_d3_r7
layer2,calibration_adaptive_decoder,friday,3,7,15000,static_weighted_mwpm,101,117,0.0078,0.0065127205963821,0.0093393262554054,0.02,2.5,1.25,monday,friday_d3_r7
layer2,calibration_adaptive_decoder,friday,3,7,15000,oracle_informed_mwpm,101,120,0.008,0.0066949547082186,0.0095569897271318,0.02,2.5,1.25,monday,friday_d3_r7
layer2,calibration_adaptive_decoder,monday,5,1,15000,detector_event_majority,101,240,0.016,0.0141123404092191,0.0181355073686459,0.012,8.0,1.0,monday,monday_d5_r1
layer2,calibration_adaptive_decoder,monday,5,1,15000,uniform_mwpm,101,0,0.0,2.710505431213761e-20,0.0002560410928358,0.012,8.0,1.0,monday,monday_d5_r1
layer2,calibration_adaptive_decoder,monday,5,1,15000,static_weighted_mwpm,101,0,0.0,2.710505431213761e-20,0.0002560410928358,0.012,8.0,1.0,monday,monday_d5_r1
layer2,calibration_adaptive_decoder,monday,5,1,15000,oracle_informed_mwpm,101,0,0.0,2.710505431213761e-20,0.0002560410928358,0.012,8.0,1.0,monday,monday_d5_r1
layer2,calibration_adaptive_decoder,wednesday,5,1,15000,detector_event_majority,101,367,0.0244666666666666,0.0221133417599115,0.0270635037221148,0.016,5.0,1.15,monday,wednesday_d5_r1
layer2,calibration_adaptive_decoder,wednesday,5,1,15000,uniform_mwpm,101,3,0.0002,6.801909595550401e-05,0.0005879195804432,0.016,5.0,1.15,monday,wednesday_d5_r1
layer2,calibration_adaptive_decoder,wednesday,5,1,15000,static_weighted_mwpm,101,3,0.0002,6.801909595550401e-05,0.0005879195804432,0.016,5.0,1.15,monday,wednesday_d5_r1
layer2,calibration_adaptive_decoder,wednesday,5,1,15000,oracle_informed_mwpm,101,3,0.0002,6.801909595550401e-05,0.0005879195804432,0.016,5.0,1.15,monday,wednesday_d5_r1
layer2,calibration_adaptive_decoder,friday,5,1,15000,detector_event_majority,101,528,0.0352,0.032367810822084,0.0382702049778161,0.02,2.5,1.25,monday,friday_d5_r1
layer2,calibration_adaptive_decoder,friday,5,1,15000,uniform_mwpm,101,3,0.0002,6.801909595550401e-05,0.0005879195804432,0.02,2.5,1.25,monday,friday_d5_r1
layer2,calibration_adaptive_decoder,friday,5,1,15000,static_weighted_mwpm,101,2,0.0001333333333333,3.656480535739823e-05,0.0004860746765203,0.02,2.5,1.25,monday,friday_d5_r1
layer2,calibration_adaptive_decoder,friday,5,1,15000,oracle_informed_mwpm,101,2,0.0001333333333333,3.656480535739823e-05,0.0004860746765203,0.02,2.5,1.25,monday,friday_d5_r1
layer2,calibration_adaptive_decoder,monday,5,3,15000,detector_event_majority,101,305,0.0203333333333333,0.0181944241442869,0.0227178712774401,0.012,8.0,1.0,monday,monday_d5_r3
layer2,calibration_adaptive_decoder,monday,5,3,15000,uniform_mwpm,101,0,0.0,2.710505431213761e-20,0.0002560410928358,0.012,8.0,1.0,monday,monday_d5_r3
layer2,calibration_adaptive_decoder,monday,5,3,15000,static_weighted_mwpm,101,0,0.0,2.710505431213761e-20,0.0002560410928358,0.012,8.0,1.0,monday,monday_d5_r3
layer2,calibration_adaptive_decoder,monday,5,3,15000,oracle_informed_mwpm,101,0,0.0,2.710505431213761e-20,0.0002560410928358,0.012,8.0,1.0,monday,monday_d5_r3
layer2,calibration_adaptive_decoder,wednesday,5,3,15000,detector_event_majority,101,499,0.0332666666666666,0.0305141387032057,0.0362582004555867,0.016,5.0,1.15,monday,wednesday_d5_r3
layer2,calibration_adaptive_decoder,wednesday,5,3,15000,uniform_mwpm,101,4,0.0002666666666666,0.0001037045142309,0.0006855333566887,0.016,5.0,1.15,monday,wednesday_d5_r3
layer2,calibration_adaptive_decoder,wednesday,5,3,15000,static_weighted_mwpm,101,2,0.0001333333333333,3.656480535739823e-05,0.0004860746765203,0.016,5.0,1.15,monday,wednesday_d5_r3
layer2,calibration_adaptive_decoder,wednesday,5,3,15000,oracle_informed_mwpm,101,2,0.0001333333333333,3.656480535739823e-05,0.0004860746765203,0.016,5.0,1.15,monday,wednesday_d5_r3
layer2,calibration_adaptive_decoder,friday,5,3,15000,detector_event_majority,101,743,0.0495333333333333,0.0461748172927573,0.0531225253291482,0.02,2.5,1.25,monday,friday_d5_r3
layer2,calibration_adaptive_decoder,friday,5,3,15000,uniform_mwpm,101,14,0.0009333333333333,0.0005560636460656,0.0015661661700635,0.02,2.5,1.25,monday,friday_d5_r3
layer2,calibration_adaptive_decoder,friday,5,3,15000,static_weighted_mwpm,101,9,0.0006,0.0003156989577123,0.0011400348858121,0.02,2.5,1.25,monday,friday_d5_r3
layer2,calibration_adaptive_decoder,friday,5,3,15000,oracle_informed_mwpm,101,9,0.0006,0.0003156989577123,0.0011400348858121,0.02,2.5,1.25,monday,friday_d5_r3
layer2,calibration_adaptive_decoder,monday,5,5,15000,detector_event_majority,101,403,0.0268666666666666,0.0243976671337038,0.0295779493510769,0.012,8.0,1.0,monday,monday_d5_r5
layer2,calibration_adaptive_decoder,monday,5,5,15000,uniform_mwpm,101,2,0.0001333333333333,3.656480535739823e-05,0.0004860746765203,0.012,8.0,1.0,monday,monday_d5_r5
layer2,calibration_adaptive_decoder,monday,5,5,15000,static_weighted_mwpm,101,3,0.0002,6.801909595550401e-05,0.0005879195804432,0.012,8.0,1.0,monday,monday_d5_r5
layer2,calibration_adaptive_decoder,monday,5,5,15000,oracle_informed_mwpm,101,3,0.0002,6.801909595550401e-05,0.0005879195804432,0.012,8.0,1.0,monday,monday_d5_r5
layer2,calibration_adaptive_decoder,wednesday,5,5,15000,detector_event_majority,101,653,0.0435333333333333,0.0403829846902794,0.0469174304247401,0.016,5.0,1.15,monday,wednesday_d5_r5
layer2,calibration_adaptive_decoder,wednesday,5,5,15000,uniform_mwpm,101,4,0.0002666666666666,0.0001037045142309,0.0006855333566887,0.016,5.0,1.15,monday,wednesday_d5_r5
layer2,calibration_adaptive_decoder,wednesday,5,5,15000,static_weighted_mwpm,101,2,0.0001333333333333,3.656480535739823e-05,0.0004860746765203,0.016,5.0,1.15,monday,wednesday_d5_r5
layer2,calibration_adaptive_decoder,wednesday,5,5,15000,oracle_informed_mwpm,101,2,0.0001333333333333,3.656480535739823e-05,0.0004860746765203,0.016,5.0,1.15,monday,wednesday_d5_r5
layer2,calibration_adaptive_decoder,friday,5,5,15000,detector_event_majority,101,1011,0.0674,0.0634974972570178,0.0715240294965037,0.02,2.5,1.25,monday,friday_d5_r5
layer2,calibration_adaptive_decoder,friday,5,5,15000,uniform_mwpm,101,20,0.0013333333333333,0.0008633211774202,0.0020587038058347,0.02,2.5,1.25,monday,friday_d5_r5
layer2,calibration_adaptive_decoder,friday,5,5,15000,static_weighted_mwpm,101,7,0.0004666666666666,0.0002260724564991,0.0009630629979833,0.02,2.5,1.25,monday,friday_d5_r5
layer2,calibration_adaptive_decoder,friday,5,5,15000,oracle_informed_mwpm,101,7,0.0004666666666666,0.0002260724564991,0.0009630629979833,0.02,2.5,1.25,monday,friday_d5_r5
layer2,calibration_adaptive_decoder,monday,5,7,15000,detector_event_majority,101,478,0.0318666666666666,0.0291734270505526,0.0347996290232998,0.012,8.0,1.0,monday,monday_d5_r7
layer2,calibration_adaptive_decoder,monday,5,7,15000,uniform_mwpm,101,1,6.666666666666667e-05,1.1768097884108398e-05,0.0003775721894726,0.012,8.0,1.0,monday,monday_d5_r7
layer2,calibration_adaptive_decoder,monday,5,7,15000,static_weighted_mwpm,101,1,6.666666666666667e-05,1.1768097884108398e-05,0.0003775721894726,0.012,8.0,1.0,monday,monday_d5_r7
layer2,calibration_adaptive_decoder,monday,5,7,15000,oracle_informed_mwpm,101,1,6.666666666666667e-05,1.1768097884108398e-05,0.0003775721894726,0.012,8.0,1.0,monday,monday_d5_r7
layer2,calibration_adaptive_decoder,wednesday,5,7,15000,detector_event_majority,101,778,0.0518666666666666,0.048431143256129,0.0555316711740099,0.016,5.0,1.15,monday,wednesday_d5_r7
layer2,calibration_adaptive_decoder,wednesday,5,7,15000,uniform_mwpm,101,8,0.0005333333333333,0.0002702739331479,0.0010521607158555,0.016,5.0,1.15,monday,wednesday_d5_r7
layer2,calibration_adaptive_decoder,wednesday,5,7,15000,static_weighted_mwpm,101,6,0.0004,0.0001833335706382,0.0008725026893232,0.016,5.0,1.15,monday,wednesday_d5_r7
layer2,calibration_adaptive_decoder,wednesday,5,7,15000,oracle_informed_mwpm,101,6,0.0004,0.0001833335706382,0.0008725026893232,0.016,5.0,1.15,monday,wednesday_d5_r7
layer2,calibration_adaptive_decoder,friday,5,7,15000,detector_event_majority,101,1272,0.0848,0.0804473415228283,0.0893652750006625,0.02,2.5,1.25,monday,friday_d5_r7
layer2,calibration_adaptive_decoder,friday,5,7,15000,uniform_mwpm,101,16,0.0010666666666666,0.0006566980171435,0.0017321301880276,0.02,2.5,1.25,monday,friday_d5_r7
layer2,calibration_adaptive_decoder,friday,5,7,15000,static_weighted_mwpm,101,9,0.0006,0.0003156989577123,0.0011400348858121,0.02,2.5,1.25,monday,friday_d5_r7
layer2,calibration_adaptive_decoder,friday,5,7,15000,oracle_informed_mwpm,101,9,0.0006,0.0003156989577123,0.0011400348858121,0.02,2.5,1.25,monday,friday_d5_r7
layer2,calibration_adaptive_decoder,monday,3,1,15000,detector_event_majority,202,262,0.0174666666666666,0.0154903734954224,0.0196900565619036,0.012,8.0,1.0,monday,monday_d3_r1
layer2,calibration_adaptive_decoder,monday,3,1,15000,uniform_mwpm,202,14,0.0009333333333333,0.0005560636460656,0.0015661661700635,0.012,8.0,1.0,monday,monday_d3_r1
layer2,calibration_adaptive_decoder,monday,3,1,15000,static_weighted_mwpm,202,11,0.0007333333333333,0.0004095390629898,0.0013127931695764,0.012,8.0,1.0,monday,monday_d3_r1
layer2,calibration_adaptive_decoder,monday,3,1,15000,oracle_informed_mwpm,202,11,0.0007333333333333,0.0004095390629898,0.0013127931695764,0.012,8.0,1.0,monday,monday_d3_r1
layer2,calibration_adaptive_decoder,wednesday,3,1,15000,detector_event_majority,202,355,0.0236666666666666,0.0213532421425836,0.0262240130051912,0.016,5.0,1.15,monday,wednesday_d3_r1
layer2,calibration_adaptive_decoder,wednesday,3,1,15000,uniform_mwpm,202,28,0.0018666666666666,0.0012918430348156,0.0026965755046069,0.016,5.0,1.15,monday,wednesday_d3_r1
layer2,calibration_adaptive_decoder,wednesday,3,1,15000,static_weighted_mwpm,202,21,0.0014,0.0009158996363236,0.0021394245414522,0.016,5.0,1.15,monday,wednesday_d3_r1
layer2,calibration_adaptive_decoder,wednesday,3,1,15000,oracle_informed_mwpm,202,21,0.0014,0.0009158996363236,0.0021394245414522,0.016,5.0,1.15,monday,wednesday_d3_r1
layer2,calibration_adaptive_decoder,friday,3,1,15000,detector_event_majority,202,538,0.0358666666666666,0.0330075705291856,0.0389634372159241,0.02,2.5,1.25,monday,friday_d3_r1
layer2,calibration_adaptive_decoder,friday,3,1,15000,uniform_mwpm,202,63,0.0042,0.0032843661110269,0.005369524236629,0.02,2.5,1.25,monday,friday_d3_r1
layer2,calibration_adaptive_decoder,friday,3,1,15000,static_weighted_mwpm,202,54,0.0036,0.0027603600818586,0.0046938375151088,0.02,2.5,1.25,monday,friday_d3_r1
layer2,calibration_adaptive_decoder,friday,3,1,15000,oracle_informed_mwpm,202,54,0.0036,0.0027603600818586,0.0046938375151088,0.02,2.5,1.25,monday,friday_d3_r1
layer2,calibration_adaptive_decoder,monday,3,3,15000,detector_event_majority,202,349,0.0232666666666666,0.0209734624070643,0.0258039975735848,0.012,8.0,1.0,monday,monday_d3_r3
layer2,calibration_adaptive_decoder,monday,3,3,15000,uniform_mwpm,202,22,0.0014666666666666,0.0009687963671369,0.0022198270051599,0.012,8.0,1.0,monday,monday_d3_r3
layer2,calibration_adaptive_decoder,monday,3,3,15000,static_weighted_mwpm,202,17,0.0011333333333333,0.0007077409358247,0.0018143864638673,0.012,8.0,1.0,monday,monday_d3_r3
layer2,calibration_adaptive_decoder,monday,3,3,15000,oracle_informed_mwpm,202,17,0.0011333333333333,0.0007077409358247,0.0018143864638673,0.012,8.0,1.0,monday,monday_d3_r3
layer2,calibration_adaptive_decoder,wednesday,3,3,15000,detector_event_majority,202,495,0.033,0.030258657947516,0.0359804844331926,0.016,5.0,1.15,monday,wednesday_d3_r3
layer2,calibration_adaptive_decoder,wednesday,3,3,15000,uniform_mwpm,202,61,0.0040666666666666,0.0031674280820377,0.0052198638765763,0.016,5.0,1.15,monday,wednesday_d3_r3
layer2,calibration_adaptive_decoder,wednesday,3,3,15000,static_weighted_mwpm,202,33,0.0022,0.0015669991589037,0.0030879153531236,0.016,5.0,1.15,monday,wednesday_d3_r3
layer2,calibration_adaptive_decoder,wednesday,3,3,15000,oracle_informed_mwpm,202,33,0.0022,0.0015669991589037,0.0030879153531236,0.016,5.0,1.15,monday,wednesday_d3_r3
layer2,calibration_adaptive_decoder,friday,3,3,15000,detector_event_majority,202,773,0.0515333333333333,0.0481086858748597,0.0551876325826744,0.02,2.5,1.25,monday,friday_d3_r3
layer2,calibration_adaptive_decoder,friday,3,3,15000,uniform_mwpm,202,101,0.0067333333333333,0.0055449616583395,0.0081742980811128,0.02,2.5,1.25,monday,friday_d3_r3
layer2,calibration_adaptive_decoder,friday,3,3,15000,static_weighted_mwpm,202,58,0.0038666666666666,0.0029925307611174,0.0049948636139338,0.02,2.5,1.25,monday,friday_d3_r3
layer2,calibration_adaptive_decoder,friday,3,3,15000,oracle_informed_mwpm,202,59,0.0039333333333333,0.0030507596702645,0.0050699338993076,0.02,2.5,1.25,monday,friday_d3_r3
layer2,calibration_adaptive_decoder,monday,3,5,15000,detector_event_majority,202,447,0.0298,0.0271969471660648,0.0326438338776379,0.012,8.0,1.0,monday,monday_d3_r5
layer2,calibration_adaptive_decoder,monday,3,5,15000,uniform_mwpm,202,23,0.0015333333333333,0.0010219908185746,0.0022999317482431,0.012,8.0,1.0,monday,monday_d3_r5
layer2,calibration_adaptive_decoder,monday,3,5,15000,static_weighted_mwpm,202,9,0.0006,0.0003156989577123,0.0011400348858121,0.012,8.0,1.0,monday,monday_d3_r5
layer2,calibration_adaptive_decoder,monday,3,5,15000,oracle_informed_mwpm,202,9,0.0006,0.0003156989577123,0.0011400348858121,0.012,8.0,1.0,monday,monday_d3_r5
layer2,calibration_adaptive_decoder,wednesday,3,5,15000,detector_event_majority,202,627,0.0418,0.0387128030948731,0.0451218329626016,0.016,5.0,1.15,monday,wednesday_d3_r5
layer2,calibration_adaptive_decoder,wednesday,3,5,15000,uniform_mwpm,202,85,0.0056666666666666,0.0045854707578304,0.0070010018692865,0.016,5.0,1.15,monday,wednesday_d3_r5
layer2,calibration_adaptive_decoder,wednesday,3,5,15000,static_weighted_mwpm,202,51,0.0034,0.0025870718159047,0.0044672281974997,0.016,5.0,1.15,monday,wednesday_d3_r5
layer2,calibration_adaptive_decoder,wednesday,3,5,15000,oracle_informed_mwpm,202,51,0.0034,0.0025870718159047,0.0044672281974997,0.016,5.0,1.15,monday,wednesday_d3_r5
layer2,calibration_adaptive_decoder,friday,3,5,15000,detector_event_majority,202,1026,0.0684,0.064469774851834,0.0725512398195018,0.02,2.5,1.25,monday,friday_d3_r5
layer2,calibration_adaptive_decoder,friday,3,5,15000,uniform_mwpm,202,155,0.0103333333333333,0.0088357055654255,0.0120817106781584,0.02,2.5,1.25,monday,friday_d3_r5
layer2,calibration_adaptive_decoder,friday,3,5,15000,static_weighted_mwpm,202,101,0.0067333333333333,0.0055449616583395,0.0081742980811128,0.02,2.5,1.25,monday,friday_d3_r5
layer2,calibration_adaptive_decoder,friday,3,5,15000,oracle_informed_mwpm,202,102,0.0068,0.0056052243602884,0.0082473345736848,0.02,2.5,1.25,monday,friday_d3_r5
layer2,calibration_adaptive_decoder,monday,3,7,15000,detector_event_majority,202,479,0.0319333333333333,0.0292372384576459,0.0348691168107274,0.012,8.0,1.0,monday,monday_d3_r7
layer2,calibration_adaptive_decoder,monday,3,7,15000,uniform_mwpm,202,32,0.0021333333333333,0.0015116044618643,0.0030100108556421,0.012,8.0,1.0,monday,monday_d3_r7
layer2,calibration_adaptive_decoder,monday,3,7,15000,static_weighted_mwpm,202,19,0.0012666666666666,0.000811084024141,0.0019776417645929,0.012,8.0,1.0,monday,monday_d3_r7
layer2,calibration_adaptive_decoder,monday,3,7,15000,oracle_informed_mwpm,202,19,0.0012666666666666,0.000811084024141,0.0019776417645929,0.012,8.0,1.0,monday,monday_d3_r7
layer2,calibration_adaptive_decoder,wednesday,3,7,15000,detector_event_majority,202,770,0.0513333333333333,0.0479152311296751,0.0549811897442962,0.016,5.0,1.15,monday,wednesday_d3_r7
layer2,calibration_adaptive_decoder,wednesday,3,7,15000,uniform_mwpm,202,91,0.0060666666666666,0.0049441797452782,0.0074420880489645,0.016,5.0,1.15,monday,wednesday_d3_r7
layer2,calibration_adaptive_decoder,wednesday,3,7,15000,static_weighted_mwpm,202,43,0.0028666666666666,0.0021290357492136,0.0038588707080233,0.016,5.0,1.15,monday,wednesday_d3_r7
layer2,calibration_adaptive_decoder,wednesday,3,7,15000,oracle_informed_mwpm,202,43,0.0028666666666666,0.0021290357492136,0.0038588707080233,0.016,5.0,1.15,monday,wednesday_d3_r7
layer2,calibration_adaptive_decoder,friday,3,7,15000,detector_event_majority,202,1287,0.0858,0.0814233420484289,0.0903887623928762,0.02,2.5,1.25,monday,friday_d3_r7
layer2,calibration_adaptive_decoder,friday,3,7,15000,uniform_mwpm,202,206,0.0137333333333333,0.0119914216330361,0.0157242535311164,0.02,2.5,1.25,monday,friday_d3_r7
layer2,calibration_adaptive_decoder,friday,3,7,15000,static_weighted_mwpm,202,124,0.0082666666666666,0.0069382800957603,0.0098468611176739,0.02,2.5,1.25,monday,friday_d3_r7
layer2,calibration_adaptive_decoder,friday,3,7,15000,oracle_informed_mwpm,202,126,0.0084,0.0070600860084588,0.0099916535940173,0.02,2.5,1.25,monday,friday_d3_r7
layer2,calibration_adaptive_decoder,monday,5,1,15000,detector_event_majority,202,250,0.0166666666666666,0.0147382152239056,0.018842624499169,0.012,8.0,1.0,monday,monday_d5_r1
layer2,calibration_adaptive_decoder,monday,5,1,15000,uniform_mwpm,202,1,6.666666666666667e-05,1.1768097884108398e-05,0.0003775721894726,0.012,8.0,1.0,monday,monday_d5_r1
layer2,calibration_adaptive_decoder,monday,5,1,15000,static_weighted_mwpm,202,0,0.0,2.710505431213761e-20,0.0002560410928358,0.012,8.0,1.0,monday,monday_d5_r1
layer2,calibration_adaptive_decoder,monday,5,1,15000,oracle_informed_mwpm,202,0,0.0,2.710505431213761e-20,0.0002560410928358,0.012,8.0,1.0,monday,monday_d5_r1
layer2,calibration_adaptive_decoder,wednesday,5,1,15000,detector_event_majority,202,367,0.0244666666666666,0.0221133417599115,0.0270635037221148,0.016,5.0,1.15,monday,wednesday_d5_r1
layer2,calibration_adaptive_decoder,wednesday,5,1,15000,uniform_mwpm,202,3,0.0002,6.801909595550401e-05,0.0005879195804432,0.016,5.0,1.15,monday,wednesday_d5_r1
layer2,calibration_adaptive_decoder,wednesday,5,1,15000,static_weighted_mwpm,202,1,6.666666666666667e-05,1.1768097884108398e-05,0.0003775721894726,0.016,5.0,1.15,monday,wednesday_d5_r1
layer2,calibration_adaptive_decoder,wednesday,5,1,15000,oracle_informed_mwpm,202,1,6.666666666666667e-05,1.1768097884108398e-05,0.0003775721894726,0.016,5.0,1.15,monday,wednesday_d5_r1
layer2,calibration_adaptive_decoder,friday,5,1,15000,detector_event_majority,202,503,0.0335333333333333,0.0307696686432109,0.0365358672936653,0.02,2.5,1.25,monday,friday_d5_r1
layer2,calibration_adaptive_decoder,friday,5,1,15000,uniform_mwpm,202,6,0.0004,0.0001833335706382,0.0008725026893232,0.02,2.5,1.25,monday,friday_d5_r1
layer2,calibration_adaptive_decoder,friday,5,1,15000,static_weighted_mwpm,202,2,0.0001333333333333,3.656480535739823e-05,0.0004860746765203,0.02,2.5,1.25,monday,friday_d5_r1
layer2,calibration_adaptive_decoder,friday,5,1,15000,oracle_informed_mwpm,202,2,0.0001333333333333,3.656480535739823e-05,0.0004860746765203,0.02,2.5,1.25,monday,friday_d5_r1
layer2,calibration_adaptive_decoder,monday,5,3,15000,detector_event_majority,202,320,0.0213333333333333,0.0191405723872358,0.0237712109523056,0.012,8.0,1.0,monday,monday_d5_r3
layer2,calibration_adaptive_decoder,monday,5,3,15000,uniform_mwpm,202,3,0.0002,6.801909595550401e-05,0.0005879195804432,0.012,8.0,1.0,monday,monday_d5_r3
layer2,calibration_adaptive_decoder,monday,5,3,15000,static_weighted_mwpm,202,2,0.0001333333333333,3.656480535739823e-05,0.0004860746765203,0.012,8.0,1.0,monday,monday_d5_r3
layer2,calibration_adaptive_decoder,monday,5,3,15000,oracle_informed_mwpm,202,2,0.0001333333333333,3.656480535739823e-05,0.0004860746765203,0.012,8.0,1.0,monday,monday_d5_r3
layer2,calibration_adaptive_decoder,wednesday,5,3,15000,detector_event_majority,202,472,0.0314666666666666,0.0287906276531516,0.034382633253575,0.016,5.0,1.15,monday,wednesday_d5_r3
layer2,calibration_adaptive_decoder,wednesday,5,3,15000,uniform_mwpm,202,5,0.0003333333333333,0.0001423861136734,0.0007801509517671,0.016,5.0,1.15,monday,wednesday_d5_r3
layer2,calibration_adaptive_decoder,wednesday,5,3,15000,static_weighted_mwpm,202,2,0.0001333333333333,3.656480535739823e-05,0.0004860746765203,0.016,5.0,1.15,monday,wednesday_d5_r3
layer2,calibration_adaptive_decoder,wednesday,5,3,15000,oracle_informed_mwpm,202,2,0.0001333333333333,3.656480535739823e-05,0.0004860746765203,0.016,5.0,1.15,monday,wednesday_d5_r3
layer2,calibration_adaptive_decoder,friday,5,3,15000,detector_event_majority,202,741,0.0494,0.0460459473413389,0.0529847968915246,0.02,2.5,1.25,monday,friday_d5_r3
layer2,calibration_adaptive_decoder,friday,5,3,15000,uniform_mwpm,202,9,0.0006,0.0003156989577123,0.0011400348858121,0.02,2.5,1.25,monday,friday_d5_r3
layer2,calibration_adaptive_decoder,friday,5,3,15000,static_weighted_mwpm,202,4,0.0002666666666666,0.0001037045142309,0.0006855333566887,0.02,2.5,1.25,monday,friday_d5_r3
layer2,calibration_adaptive_decoder,friday,5,3,15000,oracle_informed_mwpm,202,4,0.0002666666666666,0.0001037045142309,0.0006855333566887,0.02,2.5,1.25,monday,friday_d5_r3
layer2,calibration_adaptive_decoder,monday,5,5,15000,detector_event_majority,202,412,0.0274666666666666,0.0249696264509805,0.0302056827844888,0.012,8.0,1.0,monday,monday_d5_r5
layer2,calibration_adaptive_decoder,monday,5,5,15000,uniform_mwpm,202,0,0.0,2.710505431213761e-20,0.0002560410928358,0.012,8.0,1.0,monday,monday_d5_r5
layer2,calibration_adaptive_decoder,monday,5,5,15000,static_weighted_mwpm,202,0,0.0,2.710505431213761e-20,0.0002560410928358,0.012,8.0,1.0,monday,monday_d5_r5
layer2,calibration_adaptive_decoder,monday,5,5,15000,oracle_informed_mwpm,202,0,0.0,2.710505431213761e-20,0.0002560410928358,0.012,8.0,1.0,monday,monday_d5_r5
layer2,calibration_adaptive_decoder,wednesday,5,5,15000,detector_event_majority,202,599,0.0399333333333333,0.0369158224840487,0.0431864361268393,0.016,5.0,1.15,monday,wednesday_d5_r5
layer2,calibration_adaptive_decoder,wednesday,5,5,15000,uniform_mwpm,202,6,0.0004,0.0001833335706382,0.0008725026893232,0.016,5.0,1.15,monday,wednesday_d5_r5
layer2,calibration_adaptive_decoder,wednesday,5,5,15000,static_weighted_mwpm,202,1,6.666666666666667e-05,1.1768097884108398e-05,0.0003775721894726,0.016,5.0,1.15,monday,wednesday_d5_r5
layer2,calibration_adaptive_decoder,wednesday,5,5,15000,oracle_informed_mwpm,202,1,6.666666666666667e-05,1.1768097884108398e-05,0.0003775721894726,0.016,5.0,1.15,monday,wednesday_d5_r5
layer2,calibration_adaptive_decoder,friday,5,5,15000,detector_event_majority,202,999,0.0666,0.0627198574498742,0.0707020789693958,0.02,2.5,1.25,monday,friday_d5_r5
layer2,calibration_adaptive_decoder,friday,5,5,15000,uniform_mwpm,202,22,0.0014666666666666,0.0009687963671369,0.0022198270051599,0.02,2.5,1.25,monday,friday_d5_r5
layer2,calibration_adaptive_decoder,friday,5,5,15000,static_weighted_mwpm,202,15,0.001,0.0006061239963881,0.001649405014262,0.02,2.5,1.25,monday,friday_d5_r5
layer2,calibration_adaptive_decoder,friday,5,5,15000,oracle_informed_mwpm,202,15,0.001,0.0006061239963881,0.001649405014262,0.02,2.5,1.25,monday,friday_d5_r5
layer2,calibration_adaptive_decoder,monday,5,7,15000,detector_event_majority,202,488,0.0325333333333333,0.0298116867128115,0.0354943613062504,0.012,8.0,1.0,monday,monday_d5_r7
layer2,calibration_adaptive_decoder,monday,5,7,15000,uniform_mwpm,202,1,6.666666666666667e-05,1.1768097884108398e-05,0.0003775721894726,0.012,8.0,1.0,monday,monday_d5_r7
layer2,calibration_adaptive_decoder,monday,5,7,15000,static_weighted_mwpm,202,0,0.0,2.710505431213761e-20,0.0002560410928358,0.012,8.0,1.0,monday,monday_d5_r7
layer2,calibration_adaptive_decoder,monday,5,7,15000,oracle_informed_mwpm,202,0,0.0,2.710505431213761e-20,0.0002560410928358,0.012,8.0,1.0,monday,monday_d5_r7
layer2,calibration_adaptive_decoder,wednesday,5,7,15000,detector_event_majority,202,709,0.0472666666666666,0.0439849954216387,0.0507801745865543,0.016,5.0,1.15,monday,wednesday_d5_r7
layer2,calibration_adaptive_decoder,wednesday,5,7,15000,uniform_mwpm,202,6,0.0004,0.0001833335706382,0.0008725026893232,0.016,5.0,1.15,monday,wednesday_d5_r7
layer2,calibration_adaptive_decoder,wednesday,5,7,15000,static_weighted_mwpm,202,3,0.0002,6.801909595550401e-05,0.0005879195804432,0.016,5.0,1.15,monday,wednesday_d5_r7
layer2,calibration_adaptive_decoder,wednesday,5,7,15000,oracle_informed_mwpm,202,3,0.0002,6.801909595550401e-05,0.0005879195804432,0.016,5.0,1.15,monday,wednesday_d5_r7
layer2,calibration_adaptive_decoder,friday,5,7,15000,detector_event_majority,202,1285,0.0856666666666666,0.0812931980720876,0.0902523079801757,0.02,2.5,1.25,monday,friday_d5_r7
layer2,calibration_adaptive_decoder,friday,5,7,15000,uniform_mwpm,202,22,0.0014666666666666,0.0009687963671369,0.0022198270051599,0.02,2.5,1.25,monday,friday_d5_r7
layer2,calibration_adaptive_decoder,friday,5,7,15000,static_weighted_mwpm,202,12,0.0008,0.000457703105121,0.0013979283219662,0.02,2.5,1.25,monday,friday_d5_r7
layer2,calibration_adaptive_decoder,friday,5,7,15000,oracle_informed_mwpm,202,13,0.0008666666666666,0.0005065693602251,0.0014823612613831,0.02,2.5,1.25,monday,friday_d5_r7
layer2,calibration_adaptive_decoder,monday,3,1,15000,detector_event_majority,303,243,0.0162,0.0143000113414507,0.0183477340199771,0.012,8.0,1.0,monday,monday_d3_r1
layer2,calibration_adaptive_decoder,monday,3,1,15000,uniform_mwpm,303,18,0.0012,0.0007592141339697,0.0018962124602432,0.012,8.0,1.0,monday,monday_d3_r1
layer2,calibration_adaptive_decoder,monday,3,1,15000,static_weighted_mwpm,303,15,0.001,0.0006061239963881,0.001649405014262,0.012,8.0,1.0,monday,monday_d3_r1
layer2,calibration_adaptive_decoder,monday,3,1,15000,oracle_informed_mwpm,303,15,0.001,0.0006061239963881,0.001649405014262,0.012,8.0,1.0,monday,monday_d3_r1
layer2,calibration_adaptive_decoder,wednesday,3,1,15000,detector_event_majority,303,391,0.0260666666666666,0.0236355847716758,0.0287404413788535,0.016,5.0,1.15,monday,wednesday_d3_r1
layer2,calibration_adaptive_decoder,wednesday,3,1,15000,uniform_mwpm,303,33,0.0022,0.0015669991589037,0.0030879153531236,0.016,5.0,1.15,monday,wednesday_d3_r1
layer2,calibration_adaptive_decoder,wednesday,3,1,15000,static_weighted_mwpm,303,21,0.0014,0.0009158996363236,0.0021394245414522,0.016,5.0,1.15,monday,wednesday_d3_r1
layer2,calibration_adaptive_decoder,wednesday,3,1,15000,oracle_informed_mwpm,303,21,0.0014,0.0009158996363236,0.0021394245414522,0.016,5.0,1.15,monday,wednesday_d3_r1
layer2,calibration_adaptive_decoder,friday,3,1,15000,detector_event_majority,303,568,0.0378666666666666,0.0349284757655253,0.0410415078152131,0.02,2.5,1.25,monday,friday_d3_r1
layer2,calibration_adaptive_decoder,friday,3,1,15000,uniform_mwpm,303,58,0.0038666666666666,0.0029925307611174,0.0049948636139338,0.02,2.5,1.25,monday,friday_d3_r1
layer2,calibration_adaptive_decoder,friday,3,1,15000,static_weighted_mwpm,303,52,0.0034666666666666,0.0026447501528692,0.0045428490550562,0.02,2.5,1.25,monday,friday_d3_r1
layer2,calibration_adaptive_decoder,friday,3,1,15000,oracle_informed_mwpm,303,52,0.0034666666666666,0.0026447501528692,0.0045428490550562,0.02,2.5,1.25,monday,friday_d3_r1
layer2,calibration_adaptive_decoder,monday,3,3,15000,detector_event_majority,303,325,0.0216666666666666,0.0194562531230423,0.0241220261891039,0.012,8.0,1.0,monday,monday_d3_r3
layer2,calibration_adaptive_decoder,monday,3,3,15000,uniform_mwpm,303,28,0.0018666666666666,0.0012918430348156,0.0026965755046069,0.012,8.0,1.0,monday,monday_d3_r3
layer2,calibration_adaptive_decoder,monday,3,3,15000,static_weighted_mwpm,303,13,0.0008666666666666,0.0005065693602251,0.0014823612613831,0.012,8.0,1.0,monday,monday_d3_r3
layer2,calibration_adaptive_decoder,monday,3,3,15000,oracle_informed_mwpm,303,13,0.0008666666666666,0.0005065693602251,0.0014823612613831,0.012,8.0,1.0,monday,monday_d3_r3
layer2,calibration_adaptive_decoder,wednesday,3,3,15000,detector_event_majority,303,495,0.033,0.030258657947516,0.0359804844331926,0.016,5.0,1.15,monday,wednesday_d3_r3
layer2,calibration_adaptive_decoder,wednesday,3,3,15000,uniform_mwpm,303,42,0.0028,0.0020722516374245,0.0037823556252913,0.016,5.0,1.15,monday,wednesday_d3_r3
layer2,calibration_adaptive_decoder,wednesday,3,3,15000,static_weighted_mwpm,303,28,0.0018666666666666,0.0012918430348156,0.0026965755046069,0.016,5.0,1.15,monday,wednesday_d3_r3
layer2,calibration_adaptive_decoder,wednesday,3,3,15000,oracle_informed_mwpm,303,28,0.0018666666666666,0.0012918430348156,0.0026965755046069,0.016,5.0,1.15,monday,wednesday_d3_r3
layer2,calibration_adaptive_decoder,friday,3,3,15000,detector_event_majority,303,818,0.0545333333333333,0.0510122368013476,0.0582825454096295,0.02,2.5,1.25,monday,friday_d3_r3
layer2,calibration_adaptive_decoder,friday,3,3,15000,uniform_mwpm,303,122,0.0081333333333333,0.0068165688953926,0.0097019739289997,0.02,2.5,1.25,monday,friday_d3_r3
layer2,calibration_adaptive_decoder,friday,3,3,15000,static_weighted_mwpm,303,77,0.0051333333333333,0.0041095388744874,0.0064105401964619,0.02,2.5,1.25,monday,friday_d3_r3
layer2,calibration_adaptive_decoder,friday,3,3,15000,oracle_informed_mwpm,303,77,0.0051333333333333,0.0041095388744874,0.0064105401964619,0.02,2.5,1.25,monday,friday_d3_r3
layer2,calibration_adaptive_decoder,monday,3,5,15000,detector_event_majority,303,406,0.0270666666666666,0.0245882830590592,0.0297872310092844,0.012,8.0,1.0,monday,monday_d3_r5
layer2,calibration_adaptive_decoder,monday,3,5,15000,uniform_mwpm,303,34,0.0022666666666666,0.0016225594928655,0.0031656542136827,0.012,8.0,1.0,monday,monday_d3_r5
layer2,calibration_adaptive_decoder,monday,3,5,15000,static_weighted_mwpm,303,16,0.0010666666666666,0.0006566980171435,0.0017321301880276,0.012,8.0,1.0,monday,monday_d3_r5
layer2,calibration_adaptive_decoder,monday,3,5,15000,oracle_informed_mwpm,303,16,0.0010666666666666,0.0006566980171435,0.0017321301880276,0.012,8.0,1.0,monday,monday_d3_r5
layer2,calibration_adaptive_decoder,wednesday,3,5,15000,detector_event_majority,303,619,0.0412666666666666,0.0381991980238438,0.0445690444774632,0.016,5.0,1.15,monday,wednesday_d3_r5
layer2,calibration_adaptive_decoder,wednesday,3,5,15000,uniform_mwpm,303,73,0.0048666666666666,0.0038726939717844,0.0061141883210811,0.016,5.0,1.15,monday,wednesday_d3_r5
layer2,calibration_adaptive_decoder,wednesday,3,5,15000,static_weighted_mwpm,303,47,0.0031333333333333,0.0023572616153901,0.0041638416199305,0.016,5.0,1.15,monday,wednesday_d3_r5
layer2,calibration_adaptive_decoder,wednesday,3,5,15000,oracle_informed_mwpm,303,47,0.0031333333333333,0.0023572616153901,0.0041638416199305,0.016,5.0,1.15,monday,wednesday_d3_r5
layer2,calibration_adaptive_decoder,friday,3,5,15000,detector_event_majority,303,1064,0.0709333333333333,0.0669339783978562,0.0751524056652759,0.02,2.5,1.25,monday,friday_d3_r5
layer2,calibration_adaptive_decoder,friday,3,5,15000,uniform_mwpm,303,167,0.0111333333333333,0.0095748994835625,0.0129421070942728,0.02,2.5,1.25,monday,friday_d3_r5
layer2,calibration_adaptive_decoder,friday,3,5,15000,static_weighted_mwpm,303,103,0.0068666666666666,0.0056655186497564,0.0083203394787377,0.02,2.5,1.25,monday,friday_d3_r5
layer2,calibration_adaptive_decoder,friday,3,5,15000,oracle_informed_mwpm,303,105,0.007,0.0057862001957732,0.0084662563217628,0.02,2.5,1.25,monday,friday_d3_r5
layer2,calibration_adaptive_decoder,monday,3,7,15000,detector_event_majority,303,478,0.0318666666666666,0.0291734270505526,0.0347996290232998,0.012,8.0,1.0,monday,monday_d3_r7
layer2,calibration_adaptive_decoder,monday,3,7,15000,uniform_mwpm,303,47,0.0031333333333333,0.0023572616153901,0.0041638416199305,0.012,8.0,1.0,monday,monday_d3_r7
layer2,calibration_adaptive_decoder,monday,3,7,15000,static_weighted_mwpm,303,22,0.0014666666666666,0.0009687963671369,0.0022198270051599,0.012,8.0,1.0,monday,monday_d3_r7
layer2,calibration_adaptive_decoder,monday,3,7,15000,oracle_informed_mwpm,303,22,0.0014666666666666,0.0009687963671369,0.0022198270051599,0.012,8.0,1.0,monday,monday_d3_r7
layer2,calibration_adaptive_decoder,wednesday,3,7,15000,detector_event_majority,303,797,0.0531333333333333,0.049656849242686,0.056838649883351,0.016,5.0,1.15,monday,wednesday_d3_r7
layer2,calibration_adaptive_decoder,wednesday,3,7,15000,uniform_mwpm,303,83,0.0055333333333333,0.0044662244974389,0.0068536497406362,0.016,5.0,1.15,monday,wednesday_d3_r7
layer2,calibration_adaptive_decoder,wednesday,3,7,15000,static_weighted_mwpm,303,46,0.0030666666666666,0.002300048791003,0.0040877552497967,0.016,5.0,1.15,monday,wednesday_d3_r7
layer2,calibration_adaptive_decoder,wednesday,3,7,15000,oracle_informed_mwpm,303,46,0.0030666666666666,0.002300048791003,0.0040877552497967,0.016,5.0,1.15,monday,wednesday_d3_r7
layer2,calibration_adaptive_decoder,friday,3,7,15000,detector_event_majority,303,1305,0.087,0.0825947825414368,0.0916167074012455,0.02,2.5,1.25,monday,friday_d3_r7
layer2,calibration_adaptive_decoder,friday,3,7,15000,uniform_mwpm,303,219,0.0146,0.0128009861296262,0.0166475785632988,0.02,2.5,1.25,monday,friday_d3_r7
layer2,calibration_adaptive_decoder,friday,3,7,15000,static_weighted_mwpm,303,123,0.0082,0.0068774125149029,0.0097744295040103,0.02,2.5,1.25,monday,friday_d3_r7
layer2,calibration_adaptive_decoder,friday,3,7,15000,oracle_informed_mwpm,303,123,0.0082,0.0068774125149029,0.0097744295040103,0.02,2.5,1.25,monday,friday_d3_r7
layer2,calibration_adaptive_decoder,monday,5,1,15000,detector_event_majority,303,255,0.017,0.0150514718052392,0.0191958638904402,0.012,8.0,1.0,monday,monday_d5_r1
layer2,calibration_adaptive_decoder,monday,5,1,15000,uniform_mwpm,303,0,0.0,2.710505431213761e-20,0.0002560410928358,0.012,8.0,1.0,monday,monday_d5_r1
layer2,calibration_adaptive_decoder,monday,5,1,15000,static_weighted_mwpm,303,0,0.0,2.710505431213761e-20,0.0002560410928358,0.012,8.0,1.0,monday,monday_d5_r1
layer2,calibration_adaptive_decoder,monday,5,1,15000,oracle_informed_mwpm,303,0,0.0,2.710505431213761e-20,0.0002560410928358,0.012,8.0,1.0,monday,monday_d5_r1
layer2,calibration_adaptive_decoder,wednesday,5,1,15000,detector_event_majority,303,375,0.025,0.0226204611983785,0.0276227778398155,0.016,5.0,1.15,monday,wednesday_d5_r1
layer2,calibration_adaptive_decoder,wednesday,5,1,15000,uniform_mwpm,303,2,0.0001333333333333,3.656480535739823e-05,0.0004860746765203,0.016,5.0,1.15,monday,wednesday_d5_r1
layer2,calibration_adaptive_decoder,wednesday,5,1,15000,static_weighted_mwpm,303,2,0.0001333333333333,3.656480535739823e-05,0.0004860746765203,0.016,5.0,1.15,monday,wednesday_d5_r1
layer2,calibration_adaptive_decoder,wednesday,5,1,15000,oracle_informed_mwpm,303,2,0.0001333333333333,3.656480535739823e-05,0.0004860746765203,0.016,5.0,1.15,monday,wednesday_d5_r1
layer2,calibration_adaptive_decoder,friday,5,1,15000,detector_event_majority,303,507,0.0338,0.0310252472032207,0.0368134855117393,0.02,2.5,1.25,monday,friday_d5_r1
layer2,calibration_adaptive_decoder,friday,5,1,15000,uniform_mwpm,303,6,0.0004,0.0001833335706382,0.0008725026893232,0.02,2.5,1.25,monday,friday_d5_r1
layer2,calibration_adaptive_decoder,friday,5,1,15000,static_weighted_mwpm,303,3,0.0002,6.801909595550401e-05,0.0005879195804432,0.02,2.5,1.25,monday,friday_d5_r1
layer2,calibration_adaptive_decoder,friday,5,1,15000,oracle_informed_mwpm,303,4,0.0002666666666666,0.0001037045142309,0.0006855333566887,0.02,2.5,1.25,monday,friday_d5_r1
layer2,calibration_adaptive_decoder,monday,5,3,15000,detector_event_majority,303,322,0.0214666666666666,0.0192668272656148,0.0239115544629686,0.012,8.0,1.0,monday,monday_d5_r3
layer2,calibration_adaptive_decoder,monday,5,3,15000,uniform_mwpm,303,2,0.0001333333333333,3.656480535739823e-05,0.0004860746765203,0.012,8.0,1.0,monday,monday_d5_r3
layer2,calibration_adaptive_decoder,monday,5,3,15000,static_weighted_mwpm,303,0,0.0,2.710505431213761e-20,0.0002560410928358,0.012,8.0,1.0,monday,monday_d5_r3
layer2,calibration_adaptive_decoder,monday,5,3,15000,oracle_informed_mwpm,303,0,0.0,2.710505431213761e-20,0.0002560410928358,0.012,8.0,1.0,monday,monday_d5_r3
layer2,calibration_adaptive_decoder,wednesday,5,3,15000,detector_event_majority,303,513,0.0342,0.0314087049983663,0.0372298228837195,0.016,5.0,1.15,monday,wednesday_d5_r3
layer2,calibration_adaptive_decoder,wednesday,5,3,15000,uniform_mwpm,303,9,0.0006,0.0003156989577123,0.0011400348858121,0.016,5.0,1.15,monday,wednesday_d5_r3
layer2,calibration_adaptive_decoder,wednesday,5,3,15000,static_weighted_mwpm,303,5,0.0003333333333333,0.0001423861136734,0.0007801509517671,0.016,5.0,1.15,monday,wednesday_d5_r3
layer2,calibration_adaptive_decoder,wednesday,5,3,15000,oracle_informed_mwpm,303,5,0.0003333333333333,0.0001423861136734,0.0007801509517671,0.016,5.0,1.15,monday,wednesday_d5_r3
layer2,calibration_adaptive_decoder,friday,5,3,15000,detector_event_majority,303,743,0.0495333333333333,0.0461748172927573,0.0531225253291482,0.02,2.5,1.25,monday,friday_d5_r3
layer2,calibration_adaptive_decoder,friday,5,3,15000,uniform_mwpm,303,17,0.0011333333333333,0.0007077409358247,0.0018143864638673,0.02,2.5,1.25,monday,friday_d5_r3
layer2,calibration_adaptive_decoder,friday,5,3,15000,static_weighted_mwpm,303,7,0.0004666666666666,0.0002260724564991,0.0009630629979833,0.02,2.5,1.25,monday,friday_d5_r3
layer2,calibration_adaptive_decoder,friday,5,3,15000,oracle_informed_mwpm,303,8,0.0005333333333333,0.0002702739331479,0.0010521607158555,0.02,2.5,1.25,monday,friday_d5_r3
layer2,calibration_adaptive_decoder,monday,5,5,15000,detector_event_majority,303,394,0.0262666666666666,0.0238260473209473,0.0289498764131448,0.012,8.0,1.0,monday,monday_d5_r5
layer2,calibration_adaptive_decoder,monday,5,5,15000,uniform_mwpm,303,3,0.0002,6.801909595550401e-05,0.0005879195804432,0.012,8.0,1.0,monday,monday_d5_r5
layer2,calibration_adaptive_decoder,monday,5,5,15000,static_weighted_mwpm,303,1,6.666666666666667e-05,1.1768097884108398e-05,0.0003775721894726,0.012,8.0,1.0,monday,monday_d5_r5
layer2,calibration_adaptive_decoder,monday,5,5,15000,oracle_informed_mwpm,303,1,6.666666666666667e-05,1.1768097884108398e-05,0.0003775721894726,0.012,8.0,1.0,monday,monday_d5_r5
layer2,calibration_adaptive_decoder,wednesday,5,5,15000,detector_event_majority,303,636,0.0424,0.0392907779736045,0.0457435508345588,0.016,5.0,1.15,monday,wednesday_d5_r5
layer2,calibration_adaptive_decoder,wednesday,5,5,15000,uniform_mwpm,303,9,0.0006,0.0003156989577123,0.0011400348858121,0.016,5.0,1.15,monday,wednesday_d5_r5
layer2,calibration_adaptive_decoder,wednesday,5,5,15000,static_weighted_mwpm,303,5,0.0003333333333333,0.0001423861136734,0.0007801509517671,0.016,5.0,1.15,monday,wednesday_d5_r5
layer2,calibration_adaptive_decoder,wednesday,5,5,15000,oracle_informed_mwpm,303,5,0.0003333333333333,0.0001423861136734,0.0007801509517671,0.016,5.0,1.15,monday,wednesday_d5_r5
layer2,calibration_adaptive_decoder,friday,5,5,15000,detector_event_majority,303,999,0.0666,0.0627198574498742,0.0707020789693958,0.02,2.5,1.25,monday,friday_d5_r5
layer2,calibration_adaptive_decoder,friday,5,5,15000,uniform_mwpm,303,18,0.0012,0.0007592141339697,0.0018962124602432,0.02,2.5,1.25,monday,friday_d5_r5
layer2,calibration_adaptive_decoder,friday,5,5,15000,static_weighted_mwpm,303,7,0.0004666666666666,0.0002260724564991,0.0009630629979833,0.02,2.5,1.25,monday,friday_d5_r5
layer2,calibration_adaptive_decoder,friday,5,5,15000,oracle_informed_mwpm,303,8,0.0005333333333333,0.0002702739331479,0.0010521607158555,0.02,2.5,1.25,monday,friday_d5_r5
layer2,calibration_adaptive_decoder,monday,5,7,15000,detector_event_majority,303,481,0.0320666666666666,0.0293648710460292,0.035008082611386,0.012,8.0,1.0,monday,monday_d5_r7
layer2,calibration_adaptive_decoder,monday,5,7,15000,uniform_mwpm,303,5,0.0003333333333333,0.0001423861136734,0.0007801509517671,0.012,8.0,1.0,monday,monday_d5_r7
layer2,calibration_adaptive_decoder,monday,5,7,15000,static_weighted_mwpm,303,1,6.666666666666667e-05,1.1768097884108398e-05,0.0003775721894726,0.012,8.0,1.0,monday,monday_d5_r7
layer2,calibration_adaptive_decoder,monday,5,7,15000,oracle_informed_mwpm,303,1,6.666666666666667e-05,1.1768097884108398e-05,0.0003775721894726,0.012,8.0,1.0,monday,monday_d5_r7
layer2,calibration_adaptive_decoder,wednesday,5,7,15000,detector_event_majority,303,751,0.0500666666666666,0.046690366319736,0.0536733698583371,0.016,5.0,1.15,monday,wednesday_d5_r7
layer2,calibration_adaptive_decoder,wednesday,5,7,15000,uniform_mwpm,303,9,0.0006,0.0003156989577123,0.0011400348858121,0.016,5.0,1.15,monday,wednesday_d5_r7
layer2,calibration_adaptive_decoder,wednesday,5,7,15000,static_weighted_mwpm,303,5,0.0003333333333333,0.0001423861136734,0.0007801509517671,0.016,5.0,1.15,monday,wednesday_d5_r7
layer2,calibration_adaptive_decoder,wednesday,5,7,15000,oracle_informed_mwpm,303,5,0.0003333333333333,0.0001423861136734,0.0007801509517671,0.016,5.0,1.15,monday,wednesday_d5_r7
layer2,calibration_adaptive_decoder,friday,5,7,15000,detector_event_majority,303,1221,0.0814,0.0771303404205251,0.085884017182397,0.02,2.5,1.25,monday,friday_d5_r7
layer2,calibration_adaptive_decoder,friday,5,7,15000,uniform_mwpm,303,24,0.0016,0.0010754645625743,0.0023797571987644,0.02,2.5,1.25,monday,friday_d5_r7
layer2,calibration_adaptive_decoder,friday,5,7,15000,static_weighted_mwpm,303,13,0.0008666666666666,0.0005065693602251,0.0014823612613831,0.02,2.5,1.25,monday,friday_d5_r7
layer2,calibration_adaptive_decoder,friday,5,7,15000,oracle_informed_mwpm,303,13,0.0008666666666666,0.0005065693602251,0.0014823612613831,0.02,2.5,1.25,monday,friday_d5_r7
