summary,snapshot,distance,rounds,method,total_failures,total_shots,pooled_logical_error_rate
calibration_adaptive_multiseed,friday,3,1,detector_event_majority,1645,45000,0.036555555555555556
calibration_adaptive_multiseed,friday,3,1,oracle_informed_mwpm,154,45000,0.0034222222222222223
calibration_adaptive_multiseed,friday,3,1,static_weighted_mwpm,154,45000,0.0034222222222222223
calibration_adaptive_multiseed,friday,3,1,uniform_mwpm,191,45000,0.004244444444444445
calibration_adaptive_multiseed,friday,3,3,detector_event_majority,2370,45000,0.05266666666666667
calibration_adaptive_multiseed,friday,3,3,oracle_informed_mwpm,207,45000,0.0046
calibration_adaptive_multiseed,friday,3,3,static_weighted_mwpm,206,45000,0.004577777777777778
calibration_adaptive_multiseed,friday,3,3,uniform_mwpm,338,45000,0.007511111111111111
calibration_adaptive_multiseed,friday,3,5,detector_event_majority,3143,45000,0.06984444444444445
calibration_adaptive_multiseed,friday,3,5,oracle_informed_mwpm,305,45000,0.0067777777777777775
calibration_adaptive_multiseed,friday,3,5,static_weighted_mwpm,301,45000,0.006688888888888889
calibration_adaptive_multiseed,friday,3,5,uniform_mwpm,487,45000,0.010822222222222223
calibration_adaptive_multiseed,friday,3,7,detector_event_majority,3875,45000,0.08611111111111111
calibration_adaptive_multiseed,friday,3,7,oracle_informed_mwpm,369,45000,0.0082
calibration_adaptive_multiseed,friday,3,7,static_weighted_mwpm,364,45000,0.008088888888888889
calibration_adaptive_multiseed,friday,3,7,uniform_mwpm,637,45000,0.014155555555555555
calibration_adaptive_multiseed,friday,5,1,detector_event_majority,1538,45000,0.03417777777777778
calibration_adaptive_multiseed,friday,5,1,oracle_informed_mwpm,8,45000,0.00017777777777777779
calibration_adaptive_multiseed,friday,5,1,static_weighted_mwpm,7,45000,0.00015555555555555556
calibration_adaptive_multiseed,friday,5,1,uniform_mwpm,15,45000,0.0003333333333333333
calibration_adaptive_multiseed,friday,5,3,detector_event_majority,2227,45000,0.04948888888888889
calibration_adaptive_multiseed,friday,5,3,oracle_informed_mwpm,21,45000,0.00046666666666666666
calibration_adaptive_multiseed,friday,5,3,static_weighted_mwpm,20,45000,0.00044444444444444447
calibration_adaptive_multiseed,friday,5,3,uniform_mwpm,40,45000,0.0008888888888888889
calibration_adaptive_multiseed,friday,5,5,detector_event_majority,3009,45000,0.06686666666666667
calibration_adaptive_multiseed,friday,5,5,oracle_informed_mwpm,30,45000,0.0006666666666666666
calibration_adaptive_multiseed,friday,5,5,static_weighted_mwpm,29,45000,0.0006444444444444444
calibration_adaptive_multiseed,friday,5,5,uniform_mwpm,60,45000,0.0013333333333333333
calibration_adaptive_multiseed,friday,5,7,detector_event_majority,3778,45000,0.08395555555555556
calibration_adaptive_multiseed,friday,5,7,oracle_informed_mwpm,35,45000,0.0007777777777777777
calibration_adaptive_multiseed,friday,5,7,static_weighted_mwpm,34,45000,0.0007555555555555555
calibration_adaptive_multiseed,friday,5,7,uniform_mwpm,62,45000,0.0013777777777777777
calibration_adaptive_multiseed,monday,3,1,detector_event_majority,738,45000,0.0164
calibration_adaptive_multiseed,monday,3,1,oracle_informed_mwpm,41,45000,0.0009111111111111111
calibration_adaptive_multiseed,monday,3,1,static_weighted_mwpm,41,45000,0.0009111111111111111
calibration_adaptive_multiseed,monday,3,1,uniform_mwpm,48,45000,0.0010666666666666667
calibration_adaptive_multiseed,monday,3,3,detector_event_majority,984,45000,0.021866666666666666
calibration_adaptive_multiseed,monday,3,3,oracle_informed_mwpm,39,45000,0.0008666666666666666
calibration_adaptive_multiseed,monday,3,3,static_weighted_mwpm,39,45000,0.0008666666666666666
calibration_adaptive_multiseed,monday,3,3,uniform_mwpm,64,45000,0.0014222222222222223
calibration_adaptive_multiseed,monday,3,5,detector_event_majority,1260,45000,0.028
calibration_adaptive_multiseed,monday,3,5,oracle_informed_mwpm,37,45000,0.0008222222222222222
calibration_adaptive_multiseed,monday,3,5,static_weighted_mwpm,37,45000,0.0008222222222222222
calibration_adaptive_multiseed,monday,3,5,uniform_mwpm,75,45000,0.0016666666666666668
calibration_adaptive_multiseed,monday,3,7,detector_event_majority,1444,45000,0.03208888888888889
calibration_adaptive_multiseed,monday,3,7,oracle_informed_mwpm,51,45000,0.0011333333333333334
calibration_adaptive_multiseed,monday,3,7,static_weighted_mwpm,51,45000,0.0011333333333333334
calibration_adaptive_multiseed,monday,3,7,uniform_mwpm,101,45000,0.0022444444444444443
calibration_adaptive_multiseed,monday,5,1,detector_event_majority,745,45000,0.016555555555555556
calibration_adaptive_multiseed,monday,5,1,oracle_informed_mwpm,0,45000,0.0
calibration_adaptive_multiseed,monday,5,1,static_weighted_mwpm,0,45000,0.0
calibration_adaptive_multiseed,monday,5,1,uniform_mwpm,1,45000,2.2222222222222223e-05
calibration_adaptive_multiseed,monday,5,3,detector_event_majority,947,45000,0.021044444444444445
calibration_adaptive_multiseed,monday,5,3,oracle_informed_mwpm,2,45000,4.4444444444444447e-05
calibration_adaptive_multiseed,monday,5,3,static_weighted_mwpm,2,45000,4.4444444444444447e-05
calibration_adaptive_multiseed,monday,5,3,uniform_mwpm,5,45000,0.00011111111111111112
calibration_adaptive_multiseed,monday,5,5,detector_event_majority,1209,45000,0.026866666666666667
calibration_adaptive_multiseed,monday,5,5,oracle_informed_mwpm,4,45000,8.888888888888889e-05
calibration_adaptive_multiseed,monday,5,5,static_weighted_mwpm,4,45000,8.888888888888889e-05
calibration_adaptive_multiseed,monday,5,5,uniform_mwpm,5,45000,0.00011111111111111112
calibration_adaptive_multiseed,monday,5,7,detector_event_majority,1447,45000,0.032155555555555555
calibration_adaptive_multiseed,monday,5,7,oracle_informed_mwpm,2,45000,4.4444444444444447e-05
calibration_adaptive_multiseed,monday,5,7,static_weighted_mwpm,2,45000,4.4444444444444447e-05
calibration_adaptive_multiseed,monday,5,7,uniform_mwpm,7,45000,0.00015555555555555556
calibration_adaptive_multiseed,wednesday,3,1,detector_event_majority,1099,45000,0.024422222222222224
calibration_adaptive_multiseed,wednesday,3,1,oracle_informed_mwpm,62,45000,0.0013777777777777777
calibration_adaptive_multiseed,wednesday,3,1,static_weighted_mwpm,62,45000,0.0013777777777777777
calibration_adaptive_multiseed,wednesday,3,1,uniform_mwpm,89,45000,0.001977777777777778
calibration_adaptive_multiseed,wednesday,3,3,detector_event_majority,1524,45000,0.03386666666666667
calibration_adaptive_multiseed,wednesday,3,3,oracle_informed_mwpm,90,45000,0.002
calibration_adaptive_multiseed,wednesday,3,3,static_weighted_mwpm,90,45000,0.002
calibration_adaptive_multiseed,wednesday,3,3,uniform_mwpm,159,45000,0.003533333333333333
calibration_adaptive_multiseed,wednesday,3,5,detector_event_majority,1879,45000,0.04175555555555555
calibration_adaptive_multiseed,wednesday,3,5,oracle_informed_mwpm,133,45000,0.0029555555555555555
calibration_adaptive_multiseed,wednesday,3,5,static_weighted_mwpm,133,45000,0.0029555555555555555
calibration_adaptive_multiseed,wednesday,3,5,uniform_mwpm,232,45000,0.005155555555555556
calibration_adaptive_multiseed,wednesday,3,7,detector_event_majority,2343,45000,0.052066666666666664
calibration_adaptive_multiseed,wednesday,3,7,oracle_informed_mwpm,137,45000,0.0030444444444444442
calibration_adaptive_multiseed,wednesday,3,7,static_weighted_mwpm,137,45000,0.0030444444444444442
calibration_adaptive_multiseed,wednesday,3,7,uniform_mwpm,272,45000,0.006044444444444444
calibration_adaptive_multiseed,wednesday,5,1,detector_event_majority,1109,45000,0.024644444444444445
calibration_adaptive_multiseed,wednesday,5,1,oracle_informed_mwpm,6,45000,0.00013333333333333334
calibration_adaptive_multiseed,wednesday,5,1,static_weighted_mwpm,6,45000,0.00013333333333333334
calibration_adaptive_multiseed,wednesday,5,1,uniform_mwpm,8,45000,0.00017777777777777779
calibration_adaptive_multiseed,wednesday,5,3,detector_event_majority,1484,45000,0.03297777777777778
calibration_adaptive_multiseed,wednesday,5,3,oracle_informed_mwpm,9,45000,0.0002
calibration_adaptive_multiseed,wednesday,5,3,static_weighted_mwpm,9,45000,0.0002
calibration_adaptive_multiseed,wednesday,5,3,uniform_mwpm,18,45000,0.0004
calibration_adaptive_multiseed,wednesday,5,5,detector_event_majority,1888,45000,0.04195555555555556
calibration_adaptive_multiseed,wednesday,5,5,oracle_informed_mwpm,8,45000,0.00017777777777777779
calibration_adaptive_multiseed,wednesday,5,5,static_weighted_mwpm,8,45000,0.00017777777777777779
calibration_adaptive_multiseed,wednesday,5,5,uniform_mwpm,19,45000,0.0004222222222222222
calibration_adaptive_multiseed,wednesday,5,7,detector_event_majority,2238,45000,0.04973333333333333
calibration_adaptive_multiseed,wednesday,5,7,oracle_informed_mwpm,14,45000,0.0003111111111111111
calibration_adaptive_multiseed,wednesday,5,7,static_weighted_mwpm,14,45000,0.0003111111111111111
calibration_adaptive_multiseed,wednesday,5,7,uniform_mwpm,23,45000,0.0005111111111111112
