summary,distance,rounds,p,left_method,right_method,left_only_failures,right_only_failures,both_failures,both_success,discordant_total,total_shots,delta_right_minus_left_failure_rate,mcnemar_p_approx,better_method
decoder_comparison_multiseed_pairwise,3,3,0.001,detector_count_heuristic,mwpm,416,4,1,74579,420,75000,0.005493333333333334,1.8347649726002805e-89,mwpm
decoder_comparison_multiseed_pairwise,3,3,0.001,detector_count_heuristic,unweighted_mwpm,416,5,1,74578,421,75000,0.00548,7.871485084739136e-89,unweighted_mwpm
decoder_comparison_multiseed_pairwise,3,3,0.001,final_data_majority,detector_count_heuristic,6,416,1,74577,422,75000,-0.0054666666666666665,3.345915603690063e-88,final_data_majority
decoder_comparison_multiseed_pairwise,3,3,0.001,final_data_majority,mwpm,2,0,5,74993,2,75000,2.6666666666666667e-05,0.4795001221869534,mwpm
decoder_comparison_multiseed_pairwise,3,3,0.001,final_data_majority,unweighted_mwpm,3,2,4,74991,5,75000,1.3333333333333333e-05,1.0,unweighted_mwpm
decoder_comparison_multiseed_pairwise,3,3,0.001,unweighted_mwpm,mwpm,2,1,4,74993,3,75000,1.3333333333333333e-05,1.0,mwpm
decoder_comparison_multiseed_pairwise,3,3,0.002,detector_count_heuristic,mwpm,846,7,17,74130,853,75000,0.011186666666666666,4.722667015491633e-181,mwpm
decoder_comparison_multiseed_pairwise,3,3,0.002,detector_count_heuristic,unweighted_mwpm,850,13,13,74124,863,75000,0.01116,3.905317437260788e-178,unweighted_mwpm
decoder_comparison_multiseed_pairwise,3,3,0.002,final_data_majority,detector_count_heuristic,5,837,26,74132,842,75000,-0.011093333333333334,2.2517715523271857e-180,final_data_majority
decoder_comparison_multiseed_pairwise,3,3,0.002,final_data_majority,mwpm,12,5,19,74964,17,75000,9.333333333333333e-05,0.14561009539686698,mwpm
decoder_comparison_multiseed_pairwise,3,3,0.002,final_data_majority,unweighted_mwpm,20,15,11,74954,35,75000,6.666666666666667e-05,0.49896229860376107,unweighted_mwpm
decoder_comparison_multiseed_pairwise,3,3,0.002,unweighted_mwpm,mwpm,10,8,16,74966,18,75000,2.6666666666666667e-05,0.813663715766792,mwpm
decoder_comparison_multiseed_pairwise,3,3,0.005,detector_count_heuristic,mwpm,1987,72,64,72877,2059,75000,0.025533333333333335,0.0,mwpm
decoder_comparison_multiseed_pairwise,3,3,0.005,detector_count_heuristic,unweighted_mwpm,1987,118,64,72831,2105,75000,0.02492,0.0,unweighted_mwpm
decoder_comparison_multiseed_pairwise,3,3,0.005,final_data_majority,detector_count_heuristic,74,1945,106,72875,2019,75000,-0.024946666666666666,0.0,final_data_majority
decoder_comparison_multiseed_pairwise,3,3,0.005,final_data_majority,mwpm,66,22,114,74798,88,75000,0.0005866666666666667,4.565673459765626e-06,mwpm
decoder_comparison_multiseed_pairwise,3,3,0.005,final_data_majority,unweighted_mwpm,97,99,83,74721,196,75000,-2.6666666666666667e-05,0.9430566709670429,final_data_majority
decoder_comparison_multiseed_pairwise,3,3,0.005,unweighted_mwpm,mwpm,78,32,104,74786,110,75000,0.0006133333333333334,1.7820574732345122e-05,mwpm
decoder_comparison_multiseed_pairwise,3,3,0.01,detector_count_heuristic,mwpm,3704,251,303,70742,3955,75000,0.04604,0.0,mwpm
decoder_comparison_multiseed_pairwise,3,3,0.01,detector_count_heuristic,unweighted_mwpm,3738,429,269,70564,4167,75000,0.04412,0.0,unweighted_mwpm
decoder_comparison_multiseed_pairwise,3,3,0.01,final_data_majority,detector_count_heuristic,241,3538,469,70752,3779,75000,-0.04396,0.0,final_data_majority
decoder_comparison_multiseed_pairwise,3,3,0.01,final_data_majority,mwpm,271,115,439,74175,386,75000,0.00208,3.0390501541947966e-15,mwpm
decoder_comparison_multiseed_pairwise,3,3,0.01,final_data_majority,unweighted_mwpm,388,376,322,73914,764,75000,0.00016,0.6906552240183692,unweighted_mwpm
decoder_comparison_multiseed_pairwise,3,3,0.01,unweighted_mwpm,mwpm,267,123,431,74179,390,75000,0.00192,4.451044747383243e-13,mwpm
decoder_comparison_multiseed_pairwise,3,3,0.02,detector_count_heuristic,mwpm,6577,854,1133,66436,7431,75000,0.07630666666666666,0.0,mwpm
decoder_comparison_multiseed_pairwise,3,3,0.02,detector_count_heuristic,unweighted_mwpm,6632,1408,1078,65882,8040,75000,0.06965333333333333,0.0,unweighted_mwpm
decoder_comparison_multiseed_pairwise,3,3,0.02,final_data_majority,detector_count_heuristic,901,6014,1696,66389,6915,75000,-0.06817333333333334,0.0,final_data_majority
decoder_comparison_multiseed_pairwise,3,3,0.02,final_data_majority,mwpm,945,335,1652,72068,1280,75000,0.008133333333333333,5.634545675377693e-65,mwpm
decoder_comparison_multiseed_pairwise,3,3,0.02,final_data_majority,unweighted_mwpm,1350,1239,1247,71164,2589,75000,0.00148,0.030629316771695454,unweighted_mwpm
decoder_comparison_multiseed_pairwise,3,3,0.02,unweighted_mwpm,mwpm,971,472,1515,72042,1443,75000,0.006653333333333333,2.8934769941134827e-39,mwpm
decoder_comparison_multiseed_pairwise,3,3,0.05,detector_count_heuristic,mwpm,11877,3974,5302,53847,15851,75000,0.10537333333333333,0.0,mwpm
decoder_comparison_multiseed_pairwise,3,3,0.05,detector_count_heuristic,unweighted_mwpm,11935,5679,5244,52142,17614,75000,0.08341333333333334,0.0,unweighted_mwpm
decoder_comparison_multiseed_pairwise,3,3,0.05,final_data_majority,detector_count_heuristic,3448,10174,7005,54373,13622,75000,-0.08968,0.0,final_data_majority
decoder_comparison_multiseed_pairwise,3,3,0.05,final_data_majority,mwpm,3425,2248,7028,62299,5673,75000,0.015693333333333333,5.889243776828471e-55,mwpm
decoder_comparison_multiseed_pairwise,3,3,0.05,final_data_majority,unweighted_mwpm,4865,5335,5588,59212,10200,75000,-0.006266666666666667,3.420719932004168e-06,final_data_majority
decoder_comparison_multiseed_pairwise,3,3,0.05,unweighted_mwpm,mwpm,3762,2115,7161,61962,5877,75000,0.02196,2.9078430634972316e-102,mwpm
decoder_comparison_multiseed_pairwise,5,5,0.001,detector_count_heuristic,mwpm,605,0,0,74395,605,75000,0.008066666666666666,3.72321689010058e-133,mwpm
decoder_comparison_multiseed_pairwise,5,5,0.001,detector_count_heuristic,unweighted_mwpm,605,0,0,74395,605,75000,0.008066666666666666,3.72321689010058e-133,unweighted_mwpm
decoder_comparison_multiseed_pairwise,5,5,0.001,final_data_majority,detector_count_heuristic,1,605,0,74394,606,75000,-0.008053333333333332,1.6617615901253034e-132,final_data_majority
decoder_comparison_multiseed_pairwise,5,5,0.001,final_data_majority,mwpm,1,0,0,74999,1,75000,1.3333333333333333e-05,1.0,mwpm
decoder_comparison_multiseed_pairwise,5,5,0.001,final_data_majority,unweighted_mwpm,1,0,0,74999,1,75000,1.3333333333333333e-05,1.0,unweighted_mwpm
decoder_comparison_multiseed_pairwise,5,5,0.001,unweighted_mwpm,mwpm,0,0,0,75000,0,75000,0.0,1.0,tie
decoder_comparison_multiseed_pairwise,5,5,0.002,detector_count_heuristic,mwpm,1178,0,2,73820,1178,75000,0.015706666666666667,1.002369937960492e-257,mwpm
decoder_comparison_multiseed_pairwise,5,5,0.002,detector_count_heuristic,unweighted_mwpm,1180,0,0,73820,1180,75000,0.015733333333333332,3.6843892316313602e-258,unweighted_mwpm
decoder_comparison_multiseed_pairwise,5,5,0.002,final_data_majority,detector_count_heuristic,3,1176,4,73817,1179,75000,-0.01564,2.4145538148856167e-255,final_data_majority
decoder_comparison_multiseed_pairwise,5,5,0.002,final_data_majority,mwpm,5,0,2,74993,5,75000,6.666666666666667e-05,0.07363827012030265,mwpm
decoder_comparison_multiseed_pairwise,5,5,0.002,final_data_majority,unweighted_mwpm,7,0,0,74993,7,75000,9.333333333333333e-05,0.023342202012890816,unweighted_mwpm
decoder_comparison_multiseed_pairwise,5,5,0.002,unweighted_mwpm,mwpm,0,2,0,74998,2,75000,-2.6666666666666667e-05,0.4795001221869534,unweighted_mwpm
decoder_comparison_multiseed_pairwise,5,5,0.005,detector_count_heuristic,mwpm,2923,12,0,72065,2935,75000,0.03881333333333333,0.0,mwpm
decoder_comparison_multiseed_pairwise,5,5,0.005,detector_count_heuristic,unweighted_mwpm,2919,15,4,72062,2934,75000,0.03872,0.0,unweighted_mwpm
decoder_comparison_multiseed_pairwise,5,5,0.005,final_data_majority,detector_count_heuristic,36,2888,35,72041,2924,75000,-0.03802666666666667,0.0,final_data_majority
decoder_comparison_multiseed_pairwise,5,5,0.005,final_data_majority,mwpm,63,4,8,74925,67,75000,0.0007866666666666666,1.382156173401412e-12,mwpm
decoder_comparison_multiseed_pairwise,5,5,0.005,final_data_majority,unweighted_mwpm,64,12,7,74917,76,75000,0.0006933333333333333,4.912739723236446e-09,unweighted_mwpm
decoder_comparison_multiseed_pairwise,5,5,0.005,unweighted_mwpm,mwpm,11,4,8,74977,15,75000,9.333333333333333e-05,0.12133525035848217,mwpm
decoder_comparison_multiseed_pairwise,5,5,0.01,detector_count_heuristic,mwpm,5493,57,49,69401,5550,75000,0.07248,0.0,mwpm
decoder_comparison_multiseed_pairwise,5,5,0.01,detector_count_heuristic,unweighted_mwpm,5469,92,73,69366,5561,75000,0.07169333333333333,0.0,unweighted_mwpm
decoder_comparison_multiseed_pairwise,5,5,0.01,final_data_majority,detector_count_heuristic,176,5331,211,69282,5507,75000,-0.06873333333333333,0.0,final_data_majority
decoder_comparison_multiseed_pairwise,5,5,0.01,final_data_majority,mwpm,318,37,69,74576,355,75000,0.003746666666666667,5.916348582294111e-50,mwpm
decoder_comparison_multiseed_pairwise,5,5,0.01,final_data_majority,unweighted_mwpm,326,104,61,74509,430,75000,0.00296,1.607487302579574e-26,unweighted_mwpm
decoder_comparison_multiseed_pairwise,5,5,0.01,unweighted_mwpm,mwpm,92,33,73,74802,125,75000,0.0007866666666666666,2.1293269893678637e-07,mwpm
decoder_comparison_multiseed_pairwise,5,5,0.02,detector_count_heuristic,mwpm,10042,451,410,64097,10493,75000,0.12788,0.0,mwpm
decoder_comparison_multiseed_pairwise,5,5,0.02,detector_count_heuristic,unweighted_mwpm,9955,593,497,63955,10548,75000,0.12482666666666667,0.0,unweighted_mwpm
decoder_comparison_multiseed_pairwise,5,5,0.02,final_data_majority,detector_count_heuristic,1068,9050,1402,63480,10118,75000,-0.10642666666666667,0.0,final_data_majority
decoder_comparison_multiseed_pairwise,5,5,0.02,final_data_majority,mwpm,1944,335,526,72195,2279,75000,0.021453333333333335,1.0171917824164715e-248,mwpm
decoder_comparison_multiseed_pairwise,5,5,0.02,final_data_majority,unweighted_mwpm,1983,603,487,71927,2586,75000,0.0184,6.119317646503224e-162,unweighted_mwpm
decoder_comparison_multiseed_pairwise,5,5,0.02,unweighted_mwpm,mwpm,495,266,595,73644,761,75000,0.0030533333333333332,1.3970230507768767e-16,mwpm
decoder_comparison_multiseed_pairwise,5,5,0.05,detector_count_heuristic,mwpm,16884,4306,4406,49404,21190,75000,0.16770666666666667,0.0,mwpm
decoder_comparison_multiseed_pairwise,5,5,0.05,detector_count_heuristic,unweighted_mwpm,16238,4884,5052,48826,21122,75000,0.15138666666666667,0.0,unweighted_mwpm
decoder_comparison_multiseed_pairwise,5,5,0.05,final_data_majority,detector_count_heuristic,5513,13134,8156,48197,18647,75000,-0.10161333333333333,0.0,final_data_majority
decoder_comparison_multiseed_pairwise,5,5,0.05,final_data_majority,mwpm,8383,3426,5286,57905,11809,75000,0.06609333333333334,0.0,mwpm
decoder_comparison_multiseed_pairwise,5,5,0.05,final_data_majority,unweighted_mwpm,8864,5131,4805,56200,13995,75000,0.049773333333333336,1.984336790364114e-218,unweighted_mwpm
decoder_comparison_multiseed_pairwise,5,5,0.05,unweighted_mwpm,mwpm,3961,2737,5975,62327,6698,75000,0.01632,1.715761970450188e-50,mwpm
decoder_comparison_multiseed_pairwise,7,7,0.001,detector_count_heuristic,mwpm,793,0,0,74207,793,75000,0.010573333333333334,4.881606081338216e-174,mwpm
decoder_comparison_multiseed_pairwise,7,7,0.001,detector_count_heuristic,unweighted_mwpm,793,0,0,74207,793,75000,0.010573333333333334,4.881606081338216e-174,unweighted_mwpm
decoder_comparison_multiseed_pairwise,7,7,0.001,final_data_majority,detector_count_heuristic,0,793,0,74207,793,75000,-0.010573333333333334,4.881606081338216e-174,final_data_majority
decoder_comparison_multiseed_pairwise,7,7,0.001,final_data_majority,mwpm,0,0,0,75000,0,75000,0.0,1.0,tie
decoder_comparison_multiseed_pairwise,7,7,0.001,final_data_majority,unweighted_mwpm,0,0,0,75000,0,75000,0.0,1.0,tie
decoder_comparison_multiseed_pairwise,7,7,0.001,unweighted_mwpm,mwpm,0,0,0,75000,0,75000,0.0,1.0,tie
decoder_comparison_multiseed_pairwise,7,7,0.002,detector_count_heuristic,mwpm,1547,0,0,73453,1547,75000,0.020626666666666668,0.0,mwpm
decoder_comparison_multiseed_pairwise,7,7,0.002,detector_count_heuristic,unweighted_mwpm,1547,0,0,73453,1547,75000,0.020626666666666668,0.0,unweighted_mwpm
decoder_comparison_multiseed_pairwise,7,7,0.002,final_data_majority,detector_count_heuristic,0,1547,0,73453,1547,75000,-0.020626666666666668,0.0,final_data_majority
decoder_comparison_multiseed_pairwise,7,7,0.002,final_data_majority,mwpm,0,0,0,75000,0,75000,0.0,1.0,tie
decoder_comparison_multiseed_pairwise,7,7,0.002,final_data_majority,unweighted_mwpm,0,0,0,75000,0,75000,0.0,1.0,tie
decoder_comparison_multiseed_pairwise,7,7,0.002,unweighted_mwpm,mwpm,0,0,0,75000,0,75000,0.0,1.0,tie
decoder_comparison_multiseed_pairwise,7,7,0.005,detector_count_heuristic,mwpm,3769,0,2,71229,3769,75000,0.05025333333333333,0.0,mwpm
decoder_comparison_multiseed_pairwise,7,7,0.005,detector_count_heuristic,unweighted_mwpm,3769,2,2,71227,3771,75000,0.05022666666666667,0.0,unweighted_mwpm
decoder_comparison_multiseed_pairwise,7,7,0.005,final_data_majority,detector_count_heuristic,14,3754,17,71215,3768,75000,-0.04986666666666666,0.0,final_data_majority
decoder_comparison_multiseed_pairwise,7,7,0.005,final_data_majority,mwpm,29,0,2,74969,29,75000,0.00038666666666666667,1.998581508138184e-07,mwpm
decoder_comparison_multiseed_pairwise,7,7,0.005,final_data_majority,unweighted_mwpm,30,3,1,74966,33,75000,0.00036,6.010516284923227e-06,unweighted_mwpm
decoder_comparison_multiseed_pairwise,7,7,0.005,unweighted_mwpm,mwpm,3,1,1,74995,4,75000,2.6666666666666667e-05,0.6170750774519738,mwpm
decoder_comparison_multiseed_pairwise,7,7,0.01,detector_count_heuristic,mwpm,7162,13,7,67818,7175,75000,0.09532,0.0,mwpm
decoder_comparison_multiseed_pairwise,7,7,0.01,detector_count_heuristic,unweighted_mwpm,7156,16,13,67815,7172,75000,0.0952,0.0,unweighted_mwpm
decoder_comparison_multiseed_pairwise,7,7,0.01,final_data_majority,detector_count_heuristic,191,6973,196,67640,7164,75000,-0.09042666666666667,0.0,final_data_majority
decoder_comparison_multiseed_pairwise,7,7,0.01,final_data_majority,mwpm,373,6,14,74607,379,75000,0.004893333333333334,7.529292418186992e-79,mwpm
decoder_comparison_multiseed_pairwise,7,7,0.01,final_data_majority,unweighted_mwpm,378,20,9,74593,398,75000,0.004773333333333333,1.29476941366893e-71,unweighted_mwpm
decoder_comparison_multiseed_pairwise,7,7,0.01,unweighted_mwpm,mwpm,19,10,10,74961,29,75000,0.00012,0.13739482585580087,mwpm
decoder_comparison_multiseed_pairwise,7,7,0.02,detector_count_heuristic,mwpm,12726,176,155,61943,12902,75000,0.16733333333333333,0.0,mwpm
decoder_comparison_multiseed_pairwise,7,7,0.02,detector_count_heuristic,unweighted_mwpm,12637,247,244,61872,12884,75000,0.1652,0.0,unweighted_mwpm
decoder_comparison_multiseed_pairwise,7,7,0.02,final_data_majority,detector_count_heuristic,1299,11435,1446,60820,12734,75000,-0.13514666666666666,0.0,final_data_majority
decoder_comparison_multiseed_pairwise,7,7,0.02,final_data_majority,mwpm,2552,138,193,72117,2690,75000,0.03218666666666667,0.0,mwpm
decoder_comparison_multiseed_pairwise,7,7,0.02,final_data_majority,unweighted_mwpm,2538,284,207,71971,2822,75000,0.030053333333333335,0.0,unweighted_mwpm
decoder_comparison_multiseed_pairwise,7,7,0.02,unweighted_mwpm,mwpm,268,108,223,74401,376,75000,0.0021333333333333334,2.4078948185385173e-16,mwpm
decoder_comparison_multiseed_pairwise,7,7,0.05,detector_count_heuristic,mwpm,20952,4352,3928,45768,25304,75000,0.22133333333333333,0.0,mwpm
decoder_comparison_multiseed_pairwise,7,7,0.05,detector_count_heuristic,unweighted_mwpm,19879,4894,5001,45226,24773,75000,0.1998,0.0,unweighted_mwpm
decoder_comparison_multiseed_pairwise,7,7,0.05,final_data_majority,detector_count_heuristic,7362,14802,10078,42758,22164,75000,-0.0992,0.0,final_data_majority
decoder_comparison_multiseed_pairwise,7,7,0.05,final_data_majority,mwpm,12823,3663,4617,53897,16486,75000,0.12213333333333333,0.0,mwpm
decoder_comparison_multiseed_pairwise,7,7,0.05,final_data_majority,unweighted_mwpm,12943,5398,4497,52162,18341,75000,0.1006,0.0,unweighted_mwpm
decoder_comparison_multiseed_pairwise,7,7,0.05,unweighted_mwpm,mwpm,4426,2811,5469,62294,7237,75000,0.021533333333333335,2.8796021261557265e-80,mwpm
decoder_comparison_multiseed_pairwise,9,9,0.001,detector_count_heuristic,mwpm,928,0,0,74072,928,75000,0.012373333333333333,2.1856844318806025e-203,mwpm
decoder_comparison_multiseed_pairwise,9,9,0.001,detector_count_heuristic,unweighted_mwpm,928,0,0,74072,928,75000,0.012373333333333333,2.1856844318806025e-203,unweighted_mwpm
decoder_comparison_multiseed_pairwise,9,9,0.001,final_data_majority,detector_count_heuristic,0,928,0,74072,928,75000,-0.012373333333333333,2.1856844318806025e-203,final_data_majority
decoder_comparison_multiseed_pairwise,9,9,0.001,final_data_majority,mwpm,0,0,0,75000,0,75000,0.0,1.0,tie
decoder_comparison_multiseed_pairwise,9,9,0.001,final_data_majority,unweighted_mwpm,0,0,0,75000,0,75000,0.0,1.0,tie
decoder_comparison_multiseed_pairwise,9,9,0.001,unweighted_mwpm,mwpm,0,0,0,75000,0,75000,0.0,1.0,tie
decoder_comparison_multiseed_pairwise,9,9,0.002,detector_count_heuristic,mwpm,1842,0,0,73158,1842,75000,0.02456,0.0,mwpm
decoder_comparison_multiseed_pairwise,9,9,0.002,detector_count_heuristic,unweighted_mwpm,1842,0,0,73158,1842,75000,0.02456,0.0,unweighted_mwpm
decoder_comparison_multiseed_pairwise,9,9,0.002,final_data_majority,detector_count_heuristic,0,1842,0,73158,1842,75000,-0.02456,0.0,final_data_majority
decoder_comparison_multiseed_pairwise,9,9,0.002,final_data_majority,mwpm,0,0,0,75000,0,75000,0.0,1.0,tie
decoder_comparison_multiseed_pairwise,9,9,0.002,final_data_majority,unweighted_mwpm,0,0,0,75000,0,75000,0.0,1.0,tie
decoder_comparison_multiseed_pairwise,9,9,0.002,unweighted_mwpm,mwpm,0,0,0,75000,0,75000,0.0,1.0,tie
decoder_comparison_multiseed_pairwise,9,9,0.005,detector_count_heuristic,mwpm,4533,0,0,70467,4533,75000,0.06044,0.0,mwpm
decoder_comparison_multiseed_pairwise,9,9,0.005,detector_count_heuristic,unweighted_mwpm,4533,0,0,70467,4533,75000,0.06044,0.0,unweighted_mwpm
decoder_comparison_multiseed_pairwise,9,9,0.005,final_data_majority,detector_count_heuristic,9,4526,7,70458,4535,75000,-0.060226666666666664,0.0,final_data_majority
decoder_comparison_multiseed_pairwise,9,9,0.005,final_data_majority,mwpm,16,0,0,74984,16,75000,0.00021333333333333333,0.00017683457040160766,mwpm
decoder_comparison_multiseed_pairwise,9,9,0.005,final_data_majority,unweighted_mwpm,16,0,0,74984,16,75000,0.00021333333333333333,0.00017683457040160766,unweighted_mwpm
decoder_comparison_multiseed_pairwise,9,9,0.005,unweighted_mwpm,mwpm,0,0,0,75000,0,75000,0.0,1.0,tie
decoder_comparison_multiseed_pairwise,9,9,0.01,detector_count_heuristic,mwpm,8568,4,0,66428,8572,75000,0.11418666666666667,0.0,mwpm
decoder_comparison_multiseed_pairwise,9,9,0.01,detector_count_heuristic,unweighted_mwpm,8562,5,6,66427,8567,75000,0.11409333333333334,0.0,unweighted_mwpm
decoder_comparison_multiseed_pairwise,9,9,0.01,final_data_majority,detector_count_heuristic,168,8402,166,66264,8570,75000,-0.10978666666666667,0.0,final_data_majority
decoder_comparison_multiseed_pairwise,9,9,0.01,final_data_majority,mwpm,334,4,0,74662,338,75000,0.0044,1.2844033743214402e-71,mwpm
decoder_comparison_multiseed_pairwise,9,9,0.01,final_data_majority,unweighted_mwpm,330,7,4,74659,337,75000,0.004306666666666667,7.035845207466726e-69,unweighted_mwpm
decoder_comparison_multiseed_pairwise,9,9,0.01,unweighted_mwpm,mwpm,7,0,4,74989,7,75000,9.333333333333333e-05,0.023342202012890816,mwpm
decoder_comparison_multiseed_pairwise,9,9,0.02,detector_count_heuristic,mwpm,15017,97,61,59825,15114,75000,0.19893333333333332,0.0,mwpm
decoder_comparison_multiseed_pairwise,9,9,0.02,detector_count_heuristic,unweighted_mwpm,14953,134,125,59788,15087,75000,0.19758666666666666,0.0,unweighted_mwpm
decoder_comparison_multiseed_pairwise,9,9,0.02,final_data_majority,detector_count_heuristic,1558,13340,1738,58364,14898,75000,-0.15709333333333333,0.0,final_data_majority
decoder_comparison_multiseed_pairwise,9,9,0.02,final_data_majority,mwpm,3214,76,82,71628,3290,75000,0.04184,0.0,mwpm
decoder_comparison_multiseed_pairwise,9,9,0.02,final_data_majority,unweighted_mwpm,3191,154,105,71550,3345,75000,0.04049333333333333,0.0,unweighted_mwpm
decoder_comparison_multiseed_pairwise,9,9,0.02,unweighted_mwpm,mwpm,151,50,108,74691,201,75000,0.0013466666666666666,1.7452751468538438e-12,mwpm
decoder_comparison_multiseed_pairwise,9,9,0.05,detector_count_heuristic,mwpm,23738,4255,3789,43218,27993,75000,0.25977333333333336,0.0,mwpm
decoder_comparison_multiseed_pairwise,9,9,0.05,detector_count_heuristic,unweighted_mwpm,22468,5094,5059,42379,27562,75000,0.23165333333333332,0.0,unweighted_mwpm
decoder_comparison_multiseed_pairwise,9,9,0.05,final_data_majority,detector_count_heuristic,9313,15552,11975,38160,24865,75000,-0.08318666666666667,0.0,final_data_majority
decoder_comparison_multiseed_pairwise,9,9,0.05,final_data_majority,mwpm,16973,3729,4315,49983,20702,75000,0.17658666666666667,0.0,mwpm
decoder_comparison_multiseed_pairwise,9,9,0.05,final_data_majority,unweighted_mwpm,16682,5547,4606,48165,22229,75000,0.14846666666666666,0.0,unweighted_mwpm
decoder_comparison_multiseed_pairwise,9,9,0.05,unweighted_mwpm,mwpm,4932,2823,5221,62024,7755,75000,0.02812,1.2455598512958974e-126,mwpm
decoder_comparison_multiseed_pairwise,11,11,0.001,detector_count_heuristic,mwpm,1131,0,0,73869,1131,75000,0.01508,1.643546768731399e-247,mwpm
decoder_comparison_multiseed_pairwise,11,11,0.001,detector_count_heuristic,unweighted_mwpm,1131,0,0,73869,1131,75000,0.01508,1.643546768731399e-247,unweighted_mwpm
decoder_comparison_multiseed_pairwise,11,11,0.001,final_data_majority,detector_count_heuristic,0,1131,0,73869,1131,75000,-0.01508,1.643546768731399e-247,final_data_majority
decoder_comparison_multiseed_pairwise,11,11,0.001,final_data_majority,mwpm,0,0,0,75000,0,75000,0.0,1.0,tie
decoder_comparison_multiseed_pairwise,11,11,0.001,final_data_majority,unweighted_mwpm,0,0,0,75000,0,75000,0.0,1.0,tie
decoder_comparison_multiseed_pairwise,11,11,0.001,unweighted_mwpm,mwpm,0,0,0,75000,0,75000,0.0,1.0,tie
decoder_comparison_multiseed_pairwise,11,11,0.002,detector_count_heuristic,mwpm,2240,0,0,72760,2240,75000,0.029866666666666666,0.0,mwpm
decoder_comparison_multiseed_pairwise,11,11,0.002,detector_count_heuristic,unweighted_mwpm,2240,0,0,72760,2240,75000,0.029866666666666666,0.0,unweighted_mwpm
decoder_comparison_multiseed_pairwise,11,11,0.002,final_data_majority,detector_count_heuristic,0,2240,0,72760,2240,75000,-0.029866666666666666,0.0,final_data_majority
decoder_comparison_multiseed_pairwise,11,11,0.002,final_data_majority,mwpm,0,0,0,75000,0,75000,0.0,1.0,tie
decoder_comparison_multiseed_pairwise,11,11,0.002,final_data_majority,unweighted_mwpm,0,0,0,75000,0,75000,0.0,1.0,tie
decoder_comparison_multiseed_pairwise,11,11,0.002,unweighted_mwpm,mwpm,0,0,0,75000,0,75000,0.0,1.0,tie
decoder_comparison_multiseed_pairwise,11,11,0.005,detector_count_heuristic,mwpm,5247,0,0,69753,5247,75000,0.06996,0.0,mwpm
decoder_comparison_multiseed_pairwise,11,11,0.005,detector_count_heuristic,unweighted_mwpm,5247,0,0,69753,5247,75000,0.06996,0.0,unweighted_mwpm
decoder_comparison_multiseed_pairwise,11,11,0.005,final_data_majority,detector_count_heuristic,4,5243,4,69749,5247,75000,-0.06985333333333334,0.0,final_data_majority
decoder_comparison_multiseed_pairwise,11,11,0.005,final_data_majority,mwpm,8,0,0,74992,8,75000,0.00010666666666666667,0.013328328780817555,mwpm
decoder_comparison_multiseed_pairwise,11,11,0.005,final_data_majority,unweighted_mwpm,8,0,0,74992,8,75000,0.00010666666666666667,0.013328328780817555,unweighted_mwpm
decoder_comparison_multiseed_pairwise,11,11,0.005,unweighted_mwpm,mwpm,0,0,0,75000,0,75000,0.0,1.0,tie
decoder_comparison_multiseed_pairwise,11,11,0.01,detector_count_heuristic,mwpm,9907,0,1,65092,9907,75000,0.13209333333333334,0.0,mwpm
decoder_comparison_multiseed_pairwise,11,11,0.01,detector_count_heuristic,unweighted_mwpm,9906,1,2,65091,9907,75000,0.13206666666666667,0.0,unweighted_mwpm
decoder_comparison_multiseed_pairwise,11,11,0.01,final_data_majority,detector_count_heuristic,170,9720,188,64922,9890,75000,-0.12733333333333333,0.0,final_data_majority
decoder_comparison_multiseed_pairwise,11,11,0.01,final_data_majority,mwpm,358,1,0,74641,359,75000,0.00476,9.298134265648455e-79,mwpm
decoder_comparison_multiseed_pairwise,11,11,0.01,final_data_majority,unweighted_mwpm,357,2,1,74640,359,75000,0.004733333333333333,6.756781826455486e-78,unweighted_mwpm
decoder_comparison_multiseed_pairwise,11,11,0.01,unweighted_mwpm,mwpm,2,0,1,74997,2,75000,2.6666666666666667e-05,0.4795001221869534,mwpm
decoder_comparison_multiseed_pairwise,11,11,0.02,detector_count_heuristic,mwpm,17059,30,20,57891,17089,75000,0.22705333333333333,0.0,mwpm
decoder_comparison_multiseed_pairwise,11,11,0.02,detector_count_heuristic,unweighted_mwpm,17028,49,51,57872,17077,75000,0.22638666666666668,0.0,unweighted_mwpm
decoder_comparison_multiseed_pairwise,11,11,0.02,final_data_majority,detector_count_heuristic,2010,15080,1999,55911,17090,75000,-0.17426666666666665,0.0,final_data_majority
decoder_comparison_multiseed_pairwise,11,11,0.02,final_data_majority,mwpm,3977,18,32,70973,3995,75000,0.05278666666666667,0.0,mwpm
decoder_comparison_multiseed_pairwise,11,11,0.02,final_data_majority,unweighted_mwpm,3967,58,42,70933,4025,75000,0.05212,0.0,unweighted_mwpm
decoder_comparison_multiseed_pairwise,11,11,0.02,unweighted_mwpm,mwpm,69,19,31,74881,88,75000,0.0006666666666666666,1.756506941127321e-07,mwpm
decoder_comparison_multiseed_pairwise,11,11,0.05,detector_count_heuristic,mwpm,26044,4009,3628,41319,30053,75000,0.2938,0.0,mwpm
decoder_comparison_multiseed_pairwise,11,11,0.05,detector_count_heuristic,unweighted_mwpm,24657,5190,5015,40138,29847,75000,0.25956,0.0,unweighted_mwpm
decoder_comparison_multiseed_pairwise,11,11,0.05,final_data_majority,detector_count_heuristic,10965,15892,13780,34363,26857,75000,-0.06569333333333334,1.6964294074293057e-198,final_data_majority
decoder_comparison_multiseed_pairwise,11,11,0.05,final_data_majority,mwpm,20742,3634,4003,46621,24376,75000,0.22810666666666668,0.0,mwpm
decoder_comparison_multiseed_pairwise,11,11,0.05,final_data_majority,unweighted_mwpm,20064,5524,4681,44731,25588,75000,0.19386666666666666,0.0,unweighted_mwpm
decoder_comparison_multiseed_pairwise,11,11,0.05,unweighted_mwpm,mwpm,5375,2807,4830,61988,8182,75000,0.03424,3.679728887881902e-177,mwpm
