layer,experiment,distance,rounds,p,method,shots,seed,failures,logical_error_rate
layer2,decoder_comparison,3,3,0.001,final_data_majority,25000,303,2,8e-05
layer2,decoder_comparison,3,3,0.001,detector_count_heuristic,25000,303,142,0.00568
layer2,decoder_comparison,3,3,0.001,unweighted_mwpm,25000,303,2,8e-05
layer2,decoder_comparison,3,3,0.001,mwpm,25000,303,2,8e-05
layer2,decoder_comparison,3,3,0.002,final_data_majority,25000,303,13,0.00052
layer2,decoder_comparison,3,3,0.002,detector_count_heuristic,25000,303,284,0.01136
layer2,decoder_comparison,3,3,0.002,unweighted_mwpm,25000,303,8,0.00032
layer2,decoder_comparison,3,3,0.002,mwpm,25000,303,7,0.00028
layer2,decoder_comparison,3,3,0.005,final_data_majority,25000,303,52,0.00208
layer2,decoder_comparison,3,3,0.005,detector_count_heuristic,25000,303,679,0.02716
layer2,decoder_comparison,3,3,0.005,unweighted_mwpm,25000,303,53,0.00212
layer2,decoder_comparison,3,3,0.005,mwpm,25000,303,44,0.00176
layer2,decoder_comparison,3,3,0.01,final_data_majority,25000,303,239,0.00956
layer2,decoder_comparison,3,3,0.01,detector_count_heuristic,25000,303,1310,0.0524
layer2,decoder_comparison,3,3,0.01,unweighted_mwpm,25000,303,255,0.0102
layer2,decoder_comparison,3,3,0.01,mwpm,25000,303,199,0.00796
layer2,decoder_comparison,3,3,0.02,final_data_majority,25000,303,826,0.03304
layer2,decoder_comparison,3,3,0.02,detector_count_heuristic,25000,303,2505,0.1002
layer2,decoder_comparison,3,3,0.02,unweighted_mwpm,25000,303,853,0.03412
layer2,decoder_comparison,3,3,0.02,mwpm,25000,303,663,0.02652
layer2,decoder_comparison,3,3,0.05,final_data_majority,25000,303,3488,0.13952
layer2,decoder_comparison,3,3,0.05,detector_count_heuristic,25000,303,5733,0.22932
layer2,decoder_comparison,3,3,0.05,unweighted_mwpm,25000,303,3604,0.14416
layer2,decoder_comparison,3,3,0.05,mwpm,25000,303,3049,0.12196
layer2,decoder_comparison,5,5,0.001,final_data_majority,25000,303,0,0.0
layer2,decoder_comparison,5,5,0.001,detector_count_heuristic,25000,303,211,0.00844
layer2,decoder_comparison,5,5,0.001,unweighted_mwpm,25000,303,0,0.0
layer2,decoder_comparison,5,5,0.001,mwpm,25000,303,0,0.0
layer2,decoder_comparison,5,5,0.002,final_data_majority,25000,303,0,0.0
layer2,decoder_comparison,5,5,0.002,detector_count_heuristic,25000,303,393,0.01572
layer2,decoder_comparison,5,5,0.002,unweighted_mwpm,25000,303,0,0.0
layer2,decoder_comparison,5,5,0.002,mwpm,25000,303,0,0.0
layer2,decoder_comparison,5,5,0.005,final_data_majority,25000,303,28,0.00112
layer2,decoder_comparison,5,5,0.005,detector_count_heuristic,25000,303,968,0.03872
layer2,decoder_comparison,5,5,0.005,unweighted_mwpm,25000,303,4,0.00016
layer2,decoder_comparison,5,5,0.005,mwpm,25000,303,4,0.00016
layer2,decoder_comparison,5,5,0.01,final_data_majority,25000,303,126,0.00504
layer2,decoder_comparison,5,5,0.01,detector_count_heuristic,25000,303,1892,0.07568
layer2,decoder_comparison,5,5,0.01,unweighted_mwpm,25000,303,57,0.00228
layer2,decoder_comparison,5,5,0.01,mwpm,25000,303,39,0.00156
layer2,decoder_comparison,5,5,0.02,final_data_majority,25000,303,793,0.03172
layer2,decoder_comparison,5,5,0.02,detector_count_heuristic,25000,303,3501,0.14004
layer2,decoder_comparison,5,5,0.02,unweighted_mwpm,25000,303,361,0.01444
layer2,decoder_comparison,5,5,0.02,mwpm,25000,303,289,0.01156
layer2,decoder_comparison,5,5,0.05,final_data_majority,25000,303,4614,0.18456
layer2,decoder_comparison,5,5,0.05,detector_count_heuristic,25000,303,7045,0.2818
layer2,decoder_comparison,5,5,0.05,unweighted_mwpm,25000,303,3368,0.13472
layer2,decoder_comparison,5,5,0.05,mwpm,25000,303,2966,0.11864
layer2,decoder_comparison,7,7,0.001,final_data_majority,25000,303,0,0.0
layer2,decoder_comparison,7,7,0.001,detector_count_heuristic,25000,303,254,0.01016
layer2,decoder_comparison,7,7,0.001,unweighted_mwpm,25000,303,0,0.0
layer2,decoder_comparison,7,7,0.001,mwpm,25000,303,0,0.0
layer2,decoder_comparison,7,7,0.002,final_data_majority,25000,303,0,0.0
layer2,decoder_comparison,7,7,0.002,detector_count_heuristic,25000,303,507,0.02028
layer2,decoder_comparison,7,7,0.002,unweighted_mwpm,25000,303,0,0.0
layer2,decoder_comparison,7,7,0.002,mwpm,25000,303,0,0.0
layer2,decoder_comparison,7,7,0.005,final_data_majority,25000,303,10,0.0004
layer2,decoder_comparison,7,7,0.005,detector_count_heuristic,25000,303,1257,0.05028
layer2,decoder_comparison,7,7,0.005,unweighted_mwpm,25000,303,1,4e-05
layer2,decoder_comparison,7,7,0.005,mwpm,25000,303,0,0.0
layer2,decoder_comparison,7,7,0.01,final_data_majority,25000,303,137,0.00548
layer2,decoder_comparison,7,7,0.01,detector_count_heuristic,25000,303,2345,0.0938
layer2,decoder_comparison,7,7,0.01,unweighted_mwpm,25000,303,10,0.0004
layer2,decoder_comparison,7,7,0.01,mwpm,25000,303,5,0.0002
layer2,decoder_comparison,7,7,0.02,final_data_majority,25000,303,963,0.03852
layer2,decoder_comparison,7,7,0.02,detector_count_heuristic,25000,303,4366,0.17464
layer2,decoder_comparison,7,7,0.02,unweighted_mwpm,25000,303,156,0.00624
layer2,decoder_comparison,7,7,0.02,mwpm,25000,303,114,0.00456
layer2,decoder_comparison,7,7,0.05,final_data_majority,25000,303,5929,0.23716
layer2,decoder_comparison,7,7,0.05,detector_count_heuristic,25000,303,8361,0.33444
layer2,decoder_comparison,7,7,0.05,unweighted_mwpm,25000,303,3360,0.1344
layer2,decoder_comparison,7,7,0.05,mwpm,25000,303,2827,0.11308
layer2,decoder_comparison,9,9,0.001,final_data_majority,25000,303,0,0.0
layer2,decoder_comparison,9,9,0.001,detector_count_heuristic,25000,303,310,0.0124
layer2,decoder_comparison,9,9,0.001,unweighted_mwpm,25000,303,0,0.0
layer2,decoder_comparison,9,9,0.001,mwpm,25000,303,0,0.0
layer2,decoder_comparison,9,9,0.002,final_data_majority,25000,303,0,0.0
layer2,decoder_comparison,9,9,0.002,detector_count_heuristic,25000,303,597,0.02388
layer2,decoder_comparison,9,9,0.002,unweighted_mwpm,25000,303,0,0.0
layer2,decoder_comparison,9,9,0.002,mwpm,25000,303,0,0.0
layer2,decoder_comparison,9,9,0.005,final_data_majority,25000,303,5,0.0002
layer2,decoder_comparison,9,9,0.005,detector_count_heuristic,25000,303,1516,0.06064
layer2,decoder_comparison,9,9,0.005,unweighted_mwpm,25000,303,0,0.0
layer2,decoder_comparison,9,9,0.005,mwpm,25000,303,0,0.0
layer2,decoder_comparison,9,9,0.01,final_data_majority,25000,303,113,0.00452
layer2,decoder_comparison,9,9,0.01,detector_count_heuristic,25000,303,2928,0.11712
layer2,decoder_comparison,9,9,0.01,unweighted_mwpm,25000,303,3,0.00012
layer2,decoder_comparison,9,9,0.01,mwpm,25000,303,1,4e-05
layer2,decoder_comparison,9,9,0.02,final_data_majority,25000,303,1168,0.04672
layer2,decoder_comparison,9,9,0.02,detector_count_heuristic,25000,303,5140,0.2056
layer2,decoder_comparison,9,9,0.02,unweighted_mwpm,25000,303,88,0.00352
layer2,decoder_comparison,9,9,0.02,mwpm,25000,303,63,0.00252
layer2,decoder_comparison,9,9,0.05,final_data_majority,25000,303,7083,0.28332
layer2,decoder_comparison,9,9,0.05,detector_count_heuristic,25000,303,9180,0.3672
layer2,decoder_comparison,9,9,0.05,unweighted_mwpm,25000,303,3385,0.1354
layer2,decoder_comparison,9,9,0.05,mwpm,25000,303,2719,0.10876
layer2,decoder_comparison,11,11,0.001,final_data_majority,25000,303,0,0.0
layer2,decoder_comparison,11,11,0.001,detector_count_heuristic,25000,303,370,0.0148
layer2,decoder_comparison,11,11,0.001,unweighted_mwpm,25000,303,0,0.0
layer2,decoder_comparison,11,11,0.001,mwpm,25000,303,0,0.0
layer2,decoder_comparison,11,11,0.002,final_data_majority,25000,303,0,0.0
layer2,decoder_comparison,11,11,0.002,detector_count_heuristic,25000,303,773,0.03092
layer2,decoder_comparison,11,11,0.002,unweighted_mwpm,25000,303,0,0.0
layer2,decoder_comparison,11,11,0.002,mwpm,25000,303,0,0.0
layer2,decoder_comparison,11,11,0.005,final_data_majority,25000,303,2,8e-05
layer2,decoder_comparison,11,11,0.005,detector_count_heuristic,25000,303,1772,0.07088
layer2,decoder_comparison,11,11,0.005,unweighted_mwpm,25000,303,0,0.0
layer2,decoder_comparison,11,11,0.005,mwpm,25000,303,0,0.0
layer2,decoder_comparison,11,11,0.01,final_data_majority,25000,303,114,0.00456
layer2,decoder_comparison,11,11,0.01,detector_count_heuristic,25000,303,3306,0.13224
layer2,decoder_comparison,11,11,0.01,unweighted_mwpm,25000,303,1,4e-05
layer2,decoder_comparison,11,11,0.01,mwpm,25000,303,1,4e-05
layer2,decoder_comparison,11,11,0.02,final_data_majority,25000,303,1391,0.05564
layer2,decoder_comparison,11,11,0.02,detector_count_heuristic,25000,303,5734,0.22936
layer2,decoder_comparison,11,11,0.02,unweighted_mwpm,25000,303,33,0.00132
layer2,decoder_comparison,11,11,0.02,mwpm,25000,303,18,0.00072
layer2,decoder_comparison,11,11,0.05,final_data_majority,25000,303,8271,0.33084
layer2,decoder_comparison,11,11,0.05,detector_count_heuristic,25000,303,9932,0.39728
layer2,decoder_comparison,11,11,0.05,unweighted_mwpm,25000,303,3424,0.13696
layer2,decoder_comparison,11,11,0.05,mwpm,25000,303,2510,0.1004
