summary,distance,rounds,p,method,total_failures,total_shots,pooled_logical_error_rate,ci95_low,ci95_high,upper_bound_95_if_zero
decoder_comparison_multiseed,3,3,0.001,detector_count_heuristic,417,75000,0.00556,0.0050525638386808526,0.006118085319108422,
decoder_comparison_multiseed,3,3,0.001,final_data_majority,7,75000,9.333333333333333e-05,4.521165076507273e-05,0.00019266416491848024,
decoder_comparison_multiseed,3,3,0.001,mwpm,5,75000,6.666666666666667e-05,2.8475920587128352e-05,0.0001560692934276162,
decoder_comparison_multiseed,3,3,0.001,unweighted_mwpm,6,75000,8e-05,3.666471640948214e-05,0.0001745457984396666,
decoder_comparison_multiseed,3,3,0.002,detector_count_heuristic,863,75000,0.011506666666666667,0.010768010626725898,0.012295362703207649,
decoder_comparison_multiseed,3,3,0.002,final_data_majority,31,75000,0.0004133333333333333,0.0002912177439577041,0.0005866252917515495,
decoder_comparison_multiseed,3,3,0.002,mwpm,24,75000,0.00032,0.00021505660138785218,0.0004761293284805721,
decoder_comparison_multiseed,3,3,0.002,unweighted_mwpm,26,75000,0.00034666666666666667,0.0002365947334321423,0.0005079217981050904,
decoder_comparison_multiseed,3,3,0.005,detector_count_heuristic,2051,75000,0.027346666666666665,0.0262034235898845,0.028538327131321227,
decoder_comparison_multiseed,3,3,0.005,final_data_majority,180,75000,0.0024,0.0020743747071019533,0.0027765981529335256,
decoder_comparison_multiseed,3,3,0.005,mwpm,136,75000,0.0018133333333333332,0.0015333023222408454,0.0021443973010808488,
decoder_comparison_multiseed,3,3,0.005,unweighted_mwpm,182,75000,0.002426666666666667,0.0020991097897236155,0.0028051936719806726,
decoder_comparison_multiseed,3,3,0.01,detector_count_heuristic,4007,75000,0.053426666666666664,0.05183995299111708,0.05505912616218326,
decoder_comparison_multiseed,3,3,0.01,final_data_majority,710,75000,0.009466666666666667,0.008798313259677002,0.010185269042592702,
decoder_comparison_multiseed,3,3,0.01,mwpm,554,75000,0.007386666666666666,0.006798564577091508,0.00802523079501114,
decoder_comparison_multiseed,3,3,0.01,unweighted_mwpm,698,75000,0.009306666666666666,0.008644143289971592,0.01001945540228526,
decoder_comparison_multiseed,3,3,0.02,detector_count_heuristic,7710,75000,0.1028,0.10064676956800592,0.10499391857509316,
decoder_comparison_multiseed,3,3,0.02,final_data_majority,2597,75000,0.03462666666666667,0.033341804740048366,0.03595920023674206,
decoder_comparison_multiseed,3,3,0.02,mwpm,1987,75000,0.026493333333333334,0.02536798045916023,0.027667191008643628,
decoder_comparison_multiseed,3,3,0.02,unweighted_mwpm,2486,75000,0.033146666666666665,0.031889162202682224,0.03445199438148933,
decoder_comparison_multiseed,3,3,0.05,detector_count_heuristic,17179,75000,0.22905333333333333,0.22605975394072603,0.2320746678033464,
decoder_comparison_multiseed,3,3,0.05,final_data_majority,10453,75000,0.13937333333333332,0.13691310615272645,0.14187050217914332,
decoder_comparison_multiseed,3,3,0.05,mwpm,9276,75000,0.12368,0.1213430865733972,0.12605546267637885,
decoder_comparison_multiseed,3,3,0.05,unweighted_mwpm,10923,75000,0.14564,0.14313358618232946,0.1481827135417103,
decoder_comparison_multiseed,5,5,0.001,detector_count_heuristic,605,75000,0.008066666666666666,0.007451186457683147,0.008732539256974117,
decoder_comparison_multiseed,5,5,0.001,final_data_majority,1,75000,1.3333333333333333e-05,2.3536040676778324e-06,7.553040660944994e-05,
decoder_comparison_multiseed,5,5,0.001,mwpm,0,75000,0.0,0.0,5.121870984272358e-05,5.121870984272358e-05
decoder_comparison_multiseed,5,5,0.001,unweighted_mwpm,0,75000,0.0,0.0,5.121870984272358e-05,5.121870984272358e-05
decoder_comparison_multiseed,5,5,0.002,detector_count_heuristic,1180,75000,0.015733333333333332,0.014867194826915002,0.016649078867524668,
decoder_comparison_multiseed,5,5,0.002,final_data_majority,7,75000,9.333333333333333e-05,4.521165076507273e-05,0.00019266416491848024,
decoder_comparison_multiseed,5,5,0.002,mwpm,2,75000,2.6666666666666667e-05,7.312839228112297e-06,9.723647228341968e-05,
decoder_comparison_multiseed,5,5,0.002,unweighted_mwpm,0,75000,0.0,0.0,5.121870984272358e-05,5.121870984272358e-05
decoder_comparison_multiseed,5,5,0.005,detector_count_heuristic,2923,75000,0.03897333333333333,0.037611694101478035,0.040382198947328155,
decoder_comparison_multiseed,5,5,0.005,final_data_majority,71,75000,0.0009466666666666666,0.000750654742407062,0.0011938003266783596,
decoder_comparison_multiseed,5,5,0.005,mwpm,12,75000,0.00016,9.153149550023665e-05,0.0002796708243553373,
decoder_comparison_multiseed,5,5,0.005,unweighted_mwpm,19,75000,0.00025333333333333333,0.0001621937113971463,0.000395665714299257,
decoder_comparison_multiseed,5,5,0.01,detector_count_heuristic,5542,75000,0.07389333333333334,0.07204285140861089,0.07578746452549989,
decoder_comparison_multiseed,5,5,0.01,final_data_majority,387,75000,0.00516,0.004671957117262703,0.005698733015494444,
decoder_comparison_multiseed,5,5,0.01,mwpm,106,75000,0.0014133333333333333,0.0011687982039703716,0.0017089423943191966,
decoder_comparison_multiseed,5,5,0.01,unweighted_mwpm,165,75000,0.0022,0.0018892180043928242,0.0025617753431265923,
decoder_comparison_multiseed,5,5,0.02,detector_count_heuristic,10452,75000,0.13936,0.13689987285876218,0.14185707017227325,
decoder_comparison_multiseed,5,5,0.02,final_data_majority,2470,75000,0.032933333333333335,0.03167982757340339,0.03423468419741771,
decoder_comparison_multiseed,5,5,0.02,mwpm,861,75000,0.01148,0.010742219474124319,0.01226782325414042,
decoder_comparison_multiseed,5,5,0.02,unweighted_mwpm,1090,75000,0.014533333333333334,0.01370135611415239,0.015415040505190908,
decoder_comparison_multiseed,5,5,0.05,detector_count_heuristic,21290,75000,0.28386666666666666,0.2806509444022683,0.2871045290720398,
decoder_comparison_multiseed,5,5,0.05,final_data_majority,13669,75000,0.18225333333333332,0.17950668362716315,0.18503253218815052,
decoder_comparison_multiseed,5,5,0.05,mwpm,8712,75000,0.11616,0.11388644145429712,0.11847287812487496,
decoder_comparison_multiseed,5,5,0.05,unweighted_mwpm,9936,75000,0.13248,0.13007253620436057,0.13492511159612222,
decoder_comparison_multiseed,7,7,0.001,detector_count_heuristic,793,75000,0.010573333333333334,0.009865970339186682,0.011330831932338572,
decoder_comparison_multiseed,7,7,0.001,final_data_majority,0,75000,0.0,0.0,5.121870984272358e-05,5.121870984272358e-05
decoder_comparison_multiseed,7,7,0.001,mwpm,0,75000,0.0,0.0,5.121870984272358e-05,5.121870984272358e-05
decoder_comparison_multiseed,7,7,0.001,unweighted_mwpm,0,75000,0.0,0.0,5.121870984272358e-05,5.121870984272358e-05
decoder_comparison_multiseed,7,7,0.002,detector_count_heuristic,1547,75000,0.020626666666666668,0.01963373116283237,0.021668707937833643,
decoder_comparison_multiseed,7,7,0.002,final_data_majority,0,75000,0.0,0.0,5.121870984272358e-05,5.121870984272358e-05
decoder_comparison_multiseed,7,7,0.002,mwpm,0,75000,0.0,0.0,5.121870984272358e-05,5.121870984272358e-05
decoder_comparison_multiseed,7,7,0.002,unweighted_mwpm,0,75000,0.0,0.0,5.121870984272358e-05,5.121870984272358e-05
decoder_comparison_multiseed,7,7,0.005,detector_count_heuristic,3771,75000,0.05028,0.048738961705945195,0.05186710645043575,
decoder_comparison_multiseed,7,7,0.005,final_data_majority,31,75000,0.0004133333333333333,0.0002912177439577041,0.0005866252917515495,
decoder_comparison_multiseed,7,7,0.005,mwpm,2,75000,2.6666666666666667e-05,7.312839228112297e-06,9.723647228341968e-05,
decoder_comparison_multiseed,7,7,0.005,unweighted_mwpm,4,75000,5.333333333333333e-05,2.074014567305317e-05,0.00013713976750728718,
decoder_comparison_multiseed,7,7,0.01,detector_count_heuristic,7169,75000,0.09558666666666667,0.09350303252219355,0.09771172786949284,
decoder_comparison_multiseed,7,7,0.01,final_data_majority,387,75000,0.00516,0.004671957117262703,0.005698733015494444,
decoder_comparison_multiseed,7,7,0.01,mwpm,20,75000,0.0002666666666666667,0.00017263870302323305,0.00041188602350757445,
decoder_comparison_multiseed,7,7,0.01,unweighted_mwpm,29,75000,0.00038666666666666667,0.00026924665395910416,0.0005552657800813412,
decoder_comparison_multiseed,7,7,0.02,detector_count_heuristic,12881,75000,0.17174666666666666,0.16906419590092242,0.17446276285688078,
decoder_comparison_multiseed,7,7,0.02,final_data_majority,2745,75000,0.0366,0.03527965231827505,0.037967817182007195,
decoder_comparison_multiseed,7,7,0.02,mwpm,331,75000,0.004413333333333333,0.003963646186283237,0.004913787099747276,
decoder_comparison_multiseed,7,7,0.02,unweighted_mwpm,491,75000,0.006546666666666667,0.005994225015871448,0.007149656403663736,
decoder_comparison_multiseed,7,7,0.05,detector_count_heuristic,24880,75000,0.3317333333333333,0.3283722986322439,0.33511160483757524,
decoder_comparison_multiseed,7,7,0.05,final_data_majority,17440,75000,0.23253333333333334,0.2295236637039394,0.23557040155791253,
decoder_comparison_multiseed,7,7,0.05,mwpm,8280,75000,0.1104,0.10817703663641653,0.11266287298229291,
decoder_comparison_multiseed,7,7,0.05,unweighted_mwpm,9895,75000,0.13193333333333335,0.12953014540397056,0.13437422506230173,
decoder_comparison_multiseed,9,9,0.001,detector_count_heuristic,928,75000,0.012373333333333333,0.011606773473383531,0.013189844410786286,
decoder_comparison_multiseed,9,9,0.001,final_data_majority,0,75000,0.0,0.0,5.121870984272358e-05,5.121870984272358e-05
decoder_comparison_multiseed,9,9,0.001,mwpm,0,75000,0.0,0.0,5.121870984272358e-05,5.121870984272358e-05
decoder_comparison_multiseed,9,9,0.001,unweighted_mwpm,0,75000,0.0,0.0,5.121870984272358e-05,5.121870984272358e-05
decoder_comparison_multiseed,9,9,0.002,detector_count_heuristic,1842,75000,0.02456,0.023476366898433614,0.02569233594838163,
decoder_comparison_multiseed,9,9,0.002,final_data_majority,0,75000,0.0,0.0,5.121870984272358e-05,5.121870984272358e-05
decoder_comparison_multiseed,9,9,0.002,mwpm,0,75000,0.0,0.0,5.121870984272358e-05,5.121870984272358e-05
decoder_comparison_multiseed,9,9,0.002,unweighted_mwpm,0,75000,0.0,0.0,5.121870984272358e-05,5.121870984272358e-05
decoder_comparison_multiseed,9,9,0.005,detector_count_heuristic,4533,75000,0.06044,0.058756915833133555,0.06216811155906339,
decoder_comparison_multiseed,9,9,0.005,final_data_majority,16,75000,0.00021333333333333333,0.0001313231810421815,0.00034654034215100924,
decoder_comparison_multiseed,9,9,0.005,mwpm,0,75000,0.0,0.0,5.121870984272358e-05,5.121870984272358e-05
decoder_comparison_multiseed,9,9,0.005,unweighted_mwpm,0,75000,0.0,0.0,5.121870984272358e-05,5.121870984272358e-05
decoder_comparison_multiseed,9,9,0.01,detector_count_heuristic,8568,75000,0.11424,0.11198310009524069,0.11653641616377718,
decoder_comparison_multiseed,9,9,0.01,final_data_majority,334,75000,0.0044533333333333334,0.0040015118934359105,0.004955917295097816,
decoder_comparison_multiseed,9,9,0.01,mwpm,4,75000,5.333333333333333e-05,2.074014567305317e-05,0.00013713976750728718,
decoder_comparison_multiseed,9,9,0.01,unweighted_mwpm,11,75000,0.00014666666666666666,8.190020738397772e-05,0.00026263681163719204,
decoder_comparison_multiseed,9,9,0.02,detector_count_heuristic,15078,75000,0.20104,0.19818701439731248,0.2039236102936767,
decoder_comparison_multiseed,9,9,0.02,final_data_majority,3296,75000,0.04394666666666667,0.04250287891886703,0.045437171341171936,
decoder_comparison_multiseed,9,9,0.02,mwpm,158,75000,0.002106666666666667,0.0018030423667731812,0.002461293874905406,
decoder_comparison_multiseed,9,9,0.02,unweighted_mwpm,259,75000,0.0034533333333333334,0.00305815758704943,0.003899374038903981,
decoder_comparison_multiseed,9,9,0.05,detector_count_heuristic,27527,75000,0.36702666666666667,0.36358397316933383,0.3704829816091532,
decoder_comparison_multiseed,9,9,0.05,final_data_majority,21288,75000,0.28384,0.2806243705883113,0.2870777722843279,
decoder_comparison_multiseed,9,9,0.05,mwpm,8044,75000,0.10725333333333334,0.10505881638891085,0.10948808223287923,
decoder_comparison_multiseed,9,9,0.05,unweighted_mwpm,10153,75000,0.13537333333333335,0.13294346553678973,0.13784055254475883,
decoder_comparison_multiseed,11,11,0.001,detector_count_heuristic,1131,75000,0.01508,0.014232284653173525,0.015977389300380347,
decoder_comparison_multiseed,11,11,0.001,final_data_majority,0,75000,0.0,0.0,5.121870984272358e-05,5.121870984272358e-05
decoder_comparison_multiseed,11,11,0.001,mwpm,0,75000,0.0,0.0,5.121870984272358e-05,5.121870984272358e-05
decoder_comparison_multiseed,11,11,0.001,unweighted_mwpm,0,75000,0.0,0.0,5.121870984272358e-05,5.121870984272358e-05
decoder_comparison_multiseed,11,11,0.002,detector_count_heuristic,2240,75000,0.029866666666666666,0.028672294828595492,0.03110919775031263,
decoder_comparison_multiseed,11,11,0.002,final_data_majority,0,75000,0.0,0.0,5.121870984272358e-05,5.121870984272358e-05
decoder_comparison_multiseed,11,11,0.002,mwpm,0,75000,0.0,0.0,5.121870984272358e-05,5.121870984272358e-05
decoder_comparison_multiseed,11,11,0.002,unweighted_mwpm,0,75000,0.0,0.0,5.121870984272358e-05,5.121870984272358e-05
decoder_comparison_multiseed,11,11,0.005,detector_count_heuristic,5247,75000,0.06996,0.06815635877652973,0.07180769341143178,
decoder_comparison_multiseed,11,11,0.005,final_data_majority,8,75000,0.00010666666666666667,5.405095995099235e-05,0.0002104901565669648,
decoder_comparison_multiseed,11,11,0.005,mwpm,0,75000,0.0,0.0,5.121870984272358e-05,5.121870984272358e-05
decoder_comparison_multiseed,11,11,0.005,unweighted_mwpm,0,75000,0.0,0.0,5.121870984272358e-05,5.121870984272358e-05
decoder_comparison_multiseed,11,11,0.01,detector_count_heuristic,9908,75000,0.13210666666666668,0.12970212148485827,0.13454889789226127,
decoder_comparison_multiseed,11,11,0.01,final_data_majority,358,75000,0.004773333333333333,0.004304774780909778,0.005292621627649649,
decoder_comparison_multiseed,11,11,0.01,mwpm,1,75000,1.3333333333333333e-05,2.3536040676778324e-06,7.553040660944994e-05,
decoder_comparison_multiseed,11,11,0.01,unweighted_mwpm,3,75000,4e-05,1.3603454650130632e-05,0.00011761115769580555,
decoder_comparison_multiseed,11,11,0.02,detector_count_heuristic,17079,75000,0.22772,0.22473266256004146,0.23073522910059055,
decoder_comparison_multiseed,11,11,0.02,final_data_majority,4009,75000,0.05345333333333333,0.05186623942258839,0.055086170332380766,
decoder_comparison_multiseed,11,11,0.02,mwpm,50,75000,0.0006666666666666666,0.0005057555920712693,0.0008787281594916641,
decoder_comparison_multiseed,11,11,0.02,unweighted_mwpm,100,75000,0.0013333333333333333,0.0010964760285933268,0.0016212727646898162,
decoder_comparison_multiseed,11,11,0.05,detector_count_heuristic,29672,75000,0.3956266666666667,0.3921324782749837,0.3991315467933004,
decoder_comparison_multiseed,11,11,0.05,final_data_majority,24745,75000,0.32993333333333336,0.32657702217001966,0.333307065687155,
decoder_comparison_multiseed,11,11,0.05,mwpm,7637,75000,0.10182666666666666,0.09968262613749072,0.10401149504469683,
decoder_comparison_multiseed,11,11,0.05,unweighted_mwpm,10205,75000,0.13606666666666667,0.13363148610183082,0.13853912762310674,
