layer,experiment,distance,rounds,p,shots,seed,left_method,right_method,left_only_failures,right_only_failures,both_failures,both_success
layer2,decoder_comparison_pairwise,3,3,0.001,25000,303,final_data_majority,detector_count_heuristic,1,141,1,24857
layer2,decoder_comparison_pairwise,3,3,0.001,25000,303,final_data_majority,unweighted_mwpm,0,0,2,24998
layer2,decoder_comparison_pairwise,3,3,0.001,25000,303,final_data_majority,mwpm,0,0,2,24998
layer2,decoder_comparison_pairwise,3,3,0.001,25000,303,detector_count_heuristic,unweighted_mwpm,141,1,1,24857
layer2,decoder_comparison_pairwise,3,3,0.001,25000,303,detector_count_heuristic,mwpm,141,1,1,24857
layer2,decoder_comparison_pairwise,3,3,0.001,25000,303,unweighted_mwpm,mwpm,0,0,2,24998
layer2,decoder_comparison_pairwise,3,3,0.002,25000,303,final_data_majority,detector_count_heuristic,0,271,13,24716
layer2,decoder_comparison_pairwise,3,3,0.002,25000,303,final_data_majority,unweighted_mwpm,8,3,5,24984
layer2,decoder_comparison_pairwise,3,3,0.002,25000,303,final_data_majority,mwpm,7,1,6,24986
layer2,decoder_comparison_pairwise,3,3,0.002,25000,303,detector_count_heuristic,unweighted_mwpm,279,3,5,24713
layer2,decoder_comparison_pairwise,3,3,0.002,25000,303,detector_count_heuristic,mwpm,278,1,6,24715
layer2,decoder_comparison_pairwise,3,3,0.002,25000,303,unweighted_mwpm,mwpm,2,1,6,24991
layer2,decoder_comparison_pairwise,3,3,0.005,25000,303,final_data_majority,detector_count_heuristic,22,649,30,24299
layer2,decoder_comparison_pairwise,3,3,0.005,25000,303,final_data_majority,unweighted_mwpm,28,29,24,24919
layer2,decoder_comparison_pairwise,3,3,0.005,25000,303,final_data_majority,mwpm,17,9,35,24939
layer2,decoder_comparison_pairwise,3,3,0.005,25000,303,detector_count_heuristic,unweighted_mwpm,661,35,18,24286
layer2,decoder_comparison_pairwise,3,3,0.005,25000,303,detector_count_heuristic,mwpm,662,27,17,24294
layer2,decoder_comparison_pairwise,3,3,0.005,25000,303,unweighted_mwpm,mwpm,20,11,33,24936
layer2,decoder_comparison_pairwise,3,3,0.01,25000,303,final_data_majority,detector_count_heuristic,80,1151,159,23610
layer2,decoder_comparison_pairwise,3,3,0.01,25000,303,final_data_majority,unweighted_mwpm,122,138,117,24623
layer2,decoder_comparison_pairwise,3,3,0.01,25000,303,final_data_majority,mwpm,85,45,154,24716
layer2,decoder_comparison_pairwise,3,3,0.01,25000,303,detector_count_heuristic,unweighted_mwpm,1212,157,98,23533
layer2,decoder_comparison_pairwise,3,3,0.01,25000,303,detector_count_heuristic,mwpm,1201,90,109,23600
layer2,decoder_comparison_pairwise,3,3,0.01,25000,303,unweighted_mwpm,mwpm,96,40,159,24705
layer2,decoder_comparison_pairwise,3,3,0.02,25000,303,final_data_majority,detector_count_heuristic,282,1961,544,22213
layer2,decoder_comparison_pairwise,3,3,0.02,25000,303,final_data_majority,unweighted_mwpm,402,429,424,23745
layer2,decoder_comparison_pairwise,3,3,0.02,25000,303,final_data_majority,mwpm,275,112,551,24062
layer2,decoder_comparison_pairwise,3,3,0.02,25000,303,detector_count_heuristic,unweighted_mwpm,2149,497,356,21998
layer2,decoder_comparison_pairwise,3,3,0.02,25000,303,detector_count_heuristic,mwpm,2128,286,377,22209
layer2,decoder_comparison_pairwise,3,3,0.02,25000,303,unweighted_mwpm,mwpm,338,148,515,23999
layer2,decoder_comparison_pairwise,3,3,0.05,25000,303,final_data_majority,detector_count_heuristic,1171,3416,2317,18096
layer2,decoder_comparison_pairwise,3,3,0.05,25000,303,final_data_majority,unweighted_mwpm,1642,1758,1846,19754
layer2,decoder_comparison_pairwise,3,3,0.05,25000,303,final_data_majority,mwpm,1173,734,2315,20778
layer2,decoder_comparison_pairwise,3,3,0.05,25000,303,detector_count_heuristic,unweighted_mwpm,4018,1889,1715,17378
layer2,decoder_comparison_pairwise,3,3,0.05,25000,303,detector_count_heuristic,mwpm,3987,1303,1746,17964
layer2,decoder_comparison_pairwise,3,3,0.05,25000,303,unweighted_mwpm,mwpm,1254,699,2350,20697
layer2,decoder_comparison_pairwise,5,5,0.001,25000,303,final_data_majority,detector_count_heuristic,0,211,0,24789
layer2,decoder_comparison_pairwise,5,5,0.001,25000,303,final_data_majority,unweighted_mwpm,0,0,0,25000
layer2,decoder_comparison_pairwise,5,5,0.001,25000,303,final_data_majority,mwpm,0,0,0,25000
layer2,decoder_comparison_pairwise,5,5,0.001,25000,303,detector_count_heuristic,unweighted_mwpm,211,0,0,24789
layer2,decoder_comparison_pairwise,5,5,0.001,25000,303,detector_count_heuristic,mwpm,211,0,0,24789
layer2,decoder_comparison_pairwise,5,5,0.001,25000,303,unweighted_mwpm,mwpm,0,0,0,25000
layer2,decoder_comparison_pairwise,5,5,0.002,25000,303,final_data_majority,detector_count_heuristic,0,393,0,24607
layer2,decoder_comparison_pairwise,5,5,0.002,25000,303,final_data_majority,unweighted_mwpm,0,0,0,25000
layer2,decoder_comparison_pairwise,5,5,0.002,25000,303,final_data_majority,mwpm,0,0,0,25000
layer2,decoder_comparison_pairwise,5,5,0.002,25000,303,detector_count_heuristic,unweighted_mwpm,393,0,0,24607
layer2,decoder_comparison_pairwise,5,5,0.002,25000,303,detector_count_heuristic,mwpm,393,0,0,24607
layer2,decoder_comparison_pairwise,5,5,0.002,25000,303,unweighted_mwpm,mwpm,0,0,0,25000
layer2,decoder_comparison_pairwise,5,5,0.005,25000,303,final_data_majority,detector_count_heuristic,17,957,11,24015
layer2,decoder_comparison_pairwise,5,5,0.005,25000,303,final_data_majority,unweighted_mwpm,26,2,2,24970
layer2,decoder_comparison_pairwise,5,5,0.005,25000,303,final_data_majority,mwpm,24,0,4,24972
layer2,decoder_comparison_pairwise,5,5,0.005,25000,303,detector_count_heuristic,unweighted_mwpm,967,3,1,24029
layer2,decoder_comparison_pairwise,5,5,0.005,25000,303,detector_count_heuristic,mwpm,968,4,0,24028
layer2,decoder_comparison_pairwise,5,5,0.005,25000,303,unweighted_mwpm,mwpm,3,3,1,24993
layer2,decoder_comparison_pairwise,5,5,0.01,25000,303,final_data_majority,detector_count_heuristic,57,1823,69,23051
layer2,decoder_comparison_pairwise,5,5,0.01,25000,303,final_data_majority,unweighted_mwpm,102,33,24,24841
layer2,decoder_comparison_pairwise,5,5,0.01,25000,303,final_data_majority,mwpm,101,14,25,24860
layer2,decoder_comparison_pairwise,5,5,0.01,25000,303,detector_count_heuristic,unweighted_mwpm,1867,32,25,23076
layer2,decoder_comparison_pairwise,5,5,0.01,25000,303,detector_count_heuristic,mwpm,1871,18,21,23090
layer2,decoder_comparison_pairwise,5,5,0.01,25000,303,unweighted_mwpm,mwpm,30,12,27,24931
layer2,decoder_comparison_pairwise,5,5,0.02,25000,303,final_data_majority,detector_count_heuristic,355,3063,438,21144
layer2,decoder_comparison_pairwise,5,5,0.02,25000,303,final_data_majority,unweighted_mwpm,635,203,158,24004
layer2,decoder_comparison_pairwise,5,5,0.02,25000,303,final_data_majority,mwpm,624,120,169,24087
layer2,decoder_comparison_pairwise,5,5,0.02,25000,303,detector_count_heuristic,unweighted_mwpm,3340,200,161,21299
layer2,decoder_comparison_pairwise,5,5,0.02,25000,303,detector_count_heuristic,mwpm,3372,160,129,21339
layer2,decoder_comparison_pairwise,5,5,0.02,25000,303,unweighted_mwpm,mwpm,154,82,207,24557
layer2,decoder_comparison_pairwise,5,5,0.05,25000,303,final_data_majority,detector_count_heuristic,1859,4290,2755,16096
layer2,decoder_comparison_pairwise,5,5,0.05,25000,303,final_data_majority,unweighted_mwpm,2962,1716,1652,18670
layer2,decoder_comparison_pairwise,5,5,0.05,25000,303,final_data_majority,mwpm,2817,1169,1797,19217
layer2,decoder_comparison_pairwise,5,5,0.05,25000,303,detector_count_heuristic,unweighted_mwpm,5368,1691,1677,16264
layer2,decoder_comparison_pairwise,5,5,0.05,25000,303,detector_count_heuristic,mwpm,5551,1472,1494,16483
layer2,decoder_comparison_pairwise,5,5,0.05,25000,303,unweighted_mwpm,mwpm,1338,936,2030,20696
layer2,decoder_comparison_pairwise,7,7,0.001,25000,303,final_data_majority,detector_count_heuristic,0,254,0,24746
layer2,decoder_comparison_pairwise,7,7,0.001,25000,303,final_data_majority,unweighted_mwpm,0,0,0,25000
layer2,decoder_comparison_pairwise,7,7,0.001,25000,303,final_data_majority,mwpm,0,0,0,25000
layer2,decoder_comparison_pairwise,7,7,0.001,25000,303,detector_count_heuristic,unweighted_mwpm,254,0,0,24746
layer2,decoder_comparison_pairwise,7,7,0.001,25000,303,detector_count_heuristic,mwpm,254,0,0,24746
layer2,decoder_comparison_pairwise,7,7,0.001,25000,303,unweighted_mwpm,mwpm,0,0,0,25000
layer2,decoder_comparison_pairwise,7,7,0.002,25000,303,final_data_majority,detector_count_heuristic,0,507,0,24493
layer2,decoder_comparison_pairwise,7,7,0.002,25000,303,final_data_majority,unweighted_mwpm,0,0,0,25000
layer2,decoder_comparison_pairwise,7,7,0.002,25000,303,final_data_majority,mwpm,0,0,0,25000
layer2,decoder_comparison_pairwise,7,7,0.002,25000,303,detector_count_heuristic,unweighted_mwpm,507,0,0,24493
layer2,decoder_comparison_pairwise,7,7,0.002,25000,303,detector_count_heuristic,mwpm,507,0,0,24493
layer2,decoder_comparison_pairwise,7,7,0.002,25000,303,unweighted_mwpm,mwpm,0,0,0,25000
layer2,decoder_comparison_pairwise,7,7,0.005,25000,303,final_data_majority,detector_count_heuristic,5,1252,5,23738
layer2,decoder_comparison_pairwise,7,7,0.005,25000,303,final_data_majority,unweighted_mwpm,10,1,0,24989
layer2,decoder_comparison_pairwise,7,7,0.005,25000,303,final_data_majority,mwpm,10,0,0,24990
layer2,decoder_comparison_pairwise,7,7,0.005,25000,303,detector_count_heuristic,unweighted_mwpm,1256,0,1,23743
layer2,decoder_comparison_pairwise,7,7,0.005,25000,303,detector_count_heuristic,mwpm,1257,0,0,23743
layer2,decoder_comparison_pairwise,7,7,0.005,25000,303,unweighted_mwpm,mwpm,1,0,0,24999
layer2,decoder_comparison_pairwise,7,7,0.01,25000,303,final_data_majority,detector_count_heuristic,70,2278,67,22585
layer2,decoder_comparison_pairwise,7,7,0.01,25000,303,final_data_majority,unweighted_mwpm,134,7,3,24856
layer2,decoder_comparison_pairwise,7,7,0.01,25000,303,final_data_majority,mwpm,133,1,4,24862
layer2,decoder_comparison_pairwise,7,7,0.01,25000,303,detector_count_heuristic,unweighted_mwpm,2341,6,4,22649
layer2,decoder_comparison_pairwise,7,7,0.01,25000,303,detector_count_heuristic,mwpm,2343,3,2,22652
layer2,decoder_comparison_pairwise,7,7,0.01,25000,303,unweighted_mwpm,mwpm,7,2,3,24988
layer2,decoder_comparison_pairwise,7,7,0.02,25000,303,final_data_majority,detector_count_heuristic,454,3857,509,20180
layer2,decoder_comparison_pairwise,7,7,0.02,25000,303,final_data_majority,unweighted_mwpm,893,86,70,23951
layer2,decoder_comparison_pairwise,7,7,0.02,25000,303,final_data_majority,mwpm,902,53,61,23984
layer2,decoder_comparison_pairwise,7,7,0.02,25000,303,detector_count_heuristic,unweighted_mwpm,4283,73,83,20561
layer2,decoder_comparison_pairwise,7,7,0.02,25000,303,detector_count_heuristic,mwpm,4314,62,52,20572
layer2,decoder_comparison_pairwise,7,7,0.02,25000,303,unweighted_mwpm,mwpm,83,41,73,24803
layer2,decoder_comparison_pairwise,7,7,0.05,25000,303,final_data_majority,detector_count_heuristic,2480,4912,3449,14159
layer2,decoder_comparison_pairwise,7,7,0.05,25000,303,final_data_majority,unweighted_mwpm,4368,1799,1561,17272
layer2,decoder_comparison_pairwise,7,7,0.05,25000,303,final_data_majority,mwpm,4358,1256,1571,17815
layer2,decoder_comparison_pairwise,7,7,0.05,25000,303,detector_count_heuristic,unweighted_mwpm,6646,1645,1715,14994
layer2,decoder_comparison_pairwise,7,7,0.05,25000,303,detector_count_heuristic,mwpm,7028,1494,1333,15145
layer2,decoder_comparison_pairwise,7,7,0.05,25000,303,unweighted_mwpm,mwpm,1503,970,1857,20670
layer2,decoder_comparison_pairwise,9,9,0.001,25000,303,final_data_majority,detector_count_heuristic,0,310,0,24690
layer2,decoder_comparison_pairwise,9,9,0.001,25000,303,final_data_majority,unweighted_mwpm,0,0,0,25000
layer2,decoder_comparison_pairwise,9,9,0.001,25000,303,final_data_majority,mwpm,0,0,0,25000
layer2,decoder_comparison_pairwise,9,9,0.001,25000,303,detector_count_heuristic,unweighted_mwpm,310,0,0,24690
layer2,decoder_comparison_pairwise,9,9,0.001,25000,303,detector_count_heuristic,mwpm,310,0,0,24690
layer2,decoder_comparison_pairwise,9,9,0.001,25000,303,unweighted_mwpm,mwpm,0,0,0,25000
layer2,decoder_comparison_pairwise,9,9,0.002,25000,303,final_data_majority,detector_count_heuristic,0,597,0,24403
layer2,decoder_comparison_pairwise,9,9,0.002,25000,303,final_data_majority,unweighted_mwpm,0,0,0,25000
layer2,decoder_comparison_pairwise,9,9,0.002,25000,303,final_data_majority,mwpm,0,0,0,25000
layer2,decoder_comparison_pairwise,9,9,0.002,25000,303,detector_count_heuristic,unweighted_mwpm,597,0,0,24403
layer2,decoder_comparison_pairwise,9,9,0.002,25000,303,detector_count_heuristic,mwpm,597,0,0,24403
layer2,decoder_comparison_pairwise,9,9,0.002,25000,303,unweighted_mwpm,mwpm,0,0,0,25000
layer2,decoder_comparison_pairwise,9,9,0.005,25000,303,final_data_majority,detector_count_heuristic,3,1514,2,23481
layer2,decoder_comparison_pairwise,9,9,0.005,25000,303,final_data_majority,unweighted_mwpm,5,0,0,24995
layer2,decoder_comparison_pairwise,9,9,0.005,25000,303,final_data_majority,mwpm,5,0,0,24995
layer2,decoder_comparison_pairwise,9,9,0.005,25000,303,detector_count_heuristic,unweighted_mwpm,1516,0,0,23484
layer2,decoder_comparison_pairwise,9,9,0.005,25000,303,detector_count_heuristic,mwpm,1516,0,0,23484
layer2,decoder_comparison_pairwise,9,9,0.005,25000,303,unweighted_mwpm,mwpm,0,0,0,25000
layer2,decoder_comparison_pairwise,9,9,0.01,25000,303,final_data_majority,detector_count_heuristic,53,2868,60,22019
layer2,decoder_comparison_pairwise,9,9,0.01,25000,303,final_data_majority,unweighted_mwpm,111,1,2,24886
layer2,decoder_comparison_pairwise,9,9,0.01,25000,303,final_data_majority,mwpm,113,1,0,24886
layer2,decoder_comparison_pairwise,9,9,0.01,25000,303,detector_count_heuristic,unweighted_mwpm,2926,1,2,22071
layer2,decoder_comparison_pairwise,9,9,0.01,25000,303,detector_count_heuristic,mwpm,2928,1,0,22071
layer2,decoder_comparison_pairwise,9,9,0.01,25000,303,unweighted_mwpm,mwpm,2,0,1,24997
layer2,decoder_comparison_pairwise,9,9,0.02,25000,303,final_data_majority,detector_count_heuristic,528,4500,640,19332
layer2,decoder_comparison_pairwise,9,9,0.02,25000,303,final_data_majority,unweighted_mwpm,1130,50,38,23782
layer2,decoder_comparison_pairwise,9,9,0.02,25000,303,final_data_majority,mwpm,1131,26,37,23806
layer2,decoder_comparison_pairwise,9,9,0.02,25000,303,detector_count_heuristic,unweighted_mwpm,5098,46,42,19814
layer2,decoder_comparison_pairwise,9,9,0.02,25000,303,detector_count_heuristic,mwpm,5112,35,28,19825
layer2,decoder_comparison_pairwise,9,9,0.02,25000,303,unweighted_mwpm,mwpm,47,22,41,24890
layer2,decoder_comparison_pairwise,9,9,0.05,25000,303,final_data_majority,detector_count_heuristic,3121,5218,3962,12699
layer2,decoder_comparison_pairwise,9,9,0.05,25000,303,final_data_majority,unweighted_mwpm,5552,1854,1531,16063
layer2,decoder_comparison_pairwise,9,9,0.05,25000,303,final_data_majority,mwpm,5654,1290,1429,16627
layer2,decoder_comparison_pairwise,9,9,0.05,25000,303,detector_count_heuristic,unweighted_mwpm,7481,1686,1699,14134
layer2,decoder_comparison_pairwise,9,9,0.05,25000,303,detector_count_heuristic,mwpm,7902,1441,1278,14379
layer2,decoder_comparison_pairwise,9,9,0.05,25000,303,unweighted_mwpm,mwpm,1610,944,1775,20671
layer2,decoder_comparison_pairwise,11,11,0.001,25000,303,final_data_majority,detector_count_heuristic,0,370,0,24630
layer2,decoder_comparison_pairwise,11,11,0.001,25000,303,final_data_majority,unweighted_mwpm,0,0,0,25000
layer2,decoder_comparison_pairwise,11,11,0.001,25000,303,final_data_majority,mwpm,0,0,0,25000
layer2,decoder_comparison_pairwise,11,11,0.001,25000,303,detector_count_heuristic,unweighted_mwpm,370,0,0,24630
layer2,decoder_comparison_pairwise,11,11,0.001,25000,303,detector_count_heuristic,mwpm,370,0,0,24630
layer2,decoder_comparison_pairwise,11,11,0.001,25000,303,unweighted_mwpm,mwpm,0,0,0,25000
layer2,decoder_comparison_pairwise,11,11,0.002,25000,303,final_data_majority,detector_count_heuristic,0,773,0,24227
layer2,decoder_comparison_pairwise,11,11,0.002,25000,303,final_data_majority,unweighted_mwpm,0,0,0,25000
layer2,decoder_comparison_pairwise,11,11,0.002,25000,303,final_data_majority,mwpm,0,0,0,25000
layer2,decoder_comparison_pairwise,11,11,0.002,25000,303,detector_count_heuristic,unweighted_mwpm,773,0,0,24227
layer2,decoder_comparison_pairwise,11,11,0.002,25000,303,detector_count_heuristic,mwpm,773,0,0,24227
layer2,decoder_comparison_pairwise,11,11,0.002,25000,303,unweighted_mwpm,mwpm,0,0,0,25000
layer2,decoder_comparison_pairwise,11,11,0.005,25000,303,final_data_majority,detector_count_heuristic,2,1772,0,23226
layer2,decoder_comparison_pairwise,11,11,0.005,25000,303,final_data_majority,unweighted_mwpm,2,0,0,24998
layer2,decoder_comparison_pairwise,11,11,0.005,25000,303,final_data_majority,mwpm,2,0,0,24998
layer2,decoder_comparison_pairwise,11,11,0.005,25000,303,detector_count_heuristic,unweighted_mwpm,1772,0,0,23228
layer2,decoder_comparison_pairwise,11,11,0.005,25000,303,detector_count_heuristic,mwpm,1772,0,0,23228
layer2,decoder_comparison_pairwise,11,11,0.005,25000,303,unweighted_mwpm,mwpm,0,0,0,25000
layer2,decoder_comparison_pairwise,11,11,0.01,25000,303,final_data_majority,detector_count_heuristic,54,3246,60,21640
layer2,decoder_comparison_pairwise,11,11,0.01,25000,303,final_data_majority,unweighted_mwpm,114,1,0,24885
layer2,decoder_comparison_pairwise,11,11,0.01,25000,303,final_data_majority,mwpm,114,1,0,24885
layer2,decoder_comparison_pairwise,11,11,0.01,25000,303,detector_count_heuristic,unweighted_mwpm,3305,0,1,21694
layer2,decoder_comparison_pairwise,11,11,0.01,25000,303,detector_count_heuristic,mwpm,3305,0,1,21694
layer2,decoder_comparison_pairwise,11,11,0.01,25000,303,unweighted_mwpm,mwpm,0,0,1,24999
layer2,decoder_comparison_pairwise,11,11,0.02,25000,303,final_data_majority,detector_count_heuristic,700,5043,691,18566
layer2,decoder_comparison_pairwise,11,11,0.02,25000,303,final_data_majority,unweighted_mwpm,1376,18,15,23591
layer2,decoder_comparison_pairwise,11,11,0.02,25000,303,final_data_majority,mwpm,1381,8,10,23601
layer2,decoder_comparison_pairwise,11,11,0.02,25000,303,detector_count_heuristic,unweighted_mwpm,5716,15,18,19251
layer2,decoder_comparison_pairwise,11,11,0.02,25000,303,detector_count_heuristic,mwpm,5726,10,8,19256
layer2,decoder_comparison_pairwise,11,11,0.02,25000,303,unweighted_mwpm,mwpm,23,8,10,24959
layer2,decoder_comparison_pairwise,11,11,0.05,25000,303,final_data_majority,detector_count_heuristic,3631,5292,4640,11437
layer2,decoder_comparison_pairwise,11,11,0.05,25000,303,final_data_majority,unweighted_mwpm,6710,1863,1561,14866
layer2,decoder_comparison_pairwise,11,11,0.05,25000,303,final_data_majority,mwpm,6966,1205,1305,15524
layer2,decoder_comparison_pairwise,11,11,0.05,25000,303,detector_count_heuristic,unweighted_mwpm,8258,1750,1674,13318
layer2,decoder_comparison_pairwise,11,11,0.05,25000,303,detector_count_heuristic,mwpm,8770,1348,1162,13720
layer2,decoder_comparison_pairwise,11,11,0.05,25000,303,unweighted_mwpm,mwpm,1837,923,1587,20653
