summary,distance,rounds,p_mean,scenario,left_method,right_method,left_only_failures,right_only_failures,both_failures,both_success,discordant_total,total_shots,delta_right_minus_left_failure_rate,mcnemar_p_approx,better_method
heterogeneous_noise_multiseed_pairwise,5,5,0.01,local_defect_center,final_data_majority,mwpm_nominal_uniform_model,73,2,4,74921,75,75000,0.0009466666666666666,6.324252749339326e-16,mwpm_nominal_uniform_model
heterogeneous_noise_multiseed_pairwise,5,5,0.01,local_defect_center,final_data_majority,mwpm_oracle_heterogeneous_model,72,0,5,74923,72,75000,0.00096,5.888836294943976e-17,mwpm_oracle_heterogeneous_model
heterogeneous_noise_multiseed_pairwise,5,5,0.01,local_defect_center,final_data_majority,unweighted_mwpm,65,3,12,74920,68,75000,0.0008266666666666666,1.3894307943094388e-13,unweighted_mwpm
heterogeneous_noise_multiseed_pairwise,5,5,0.01,local_defect_center,mwpm_nominal_uniform_model,mwpm_oracle_heterogeneous_model,2,1,4,74993,3,75000,1.3333333333333333e-05,1.0,mwpm_oracle_heterogeneous_model
heterogeneous_noise_multiseed_pairwise,5,5,0.01,local_defect_center,unweighted_mwpm,mwpm_nominal_uniform_model,11,2,4,74983,13,75000,0.00012,0.026500280602491873,mwpm_nominal_uniform_model
heterogeneous_noise_multiseed_pairwise,5,5,0.01,local_defect_center,unweighted_mwpm,mwpm_oracle_heterogeneous_model,11,1,4,74984,12,75000,0.00013333333333333334,0.009374768459434885,mwpm_oracle_heterogeneous_model
heterogeneous_noise_multiseed_pairwise,5,5,0.01,local_defect_edge,final_data_majority,mwpm_nominal_uniform_model,79,1,5,74915,80,75000,0.00104,7.37895978989838e-18,mwpm_nominal_uniform_model
heterogeneous_noise_multiseed_pairwise,5,5,0.01,local_defect_edge,final_data_majority,mwpm_oracle_heterogeneous_model,79,1,5,74915,80,75000,0.00104,7.37895978989838e-18,mwpm_oracle_heterogeneous_model
heterogeneous_noise_multiseed_pairwise,5,5,0.01,local_defect_edge,final_data_majority,unweighted_mwpm,72,5,12,74911,77,75000,0.0008933333333333333,5.419357950456809e-14,unweighted_mwpm
heterogeneous_noise_multiseed_pairwise,5,5,0.01,local_defect_edge,mwpm_nominal_uniform_model,mwpm_oracle_heterogeneous_model,0,0,6,74994,0,75000,0.0,1.0,tie
heterogeneous_noise_multiseed_pairwise,5,5,0.01,local_defect_edge,unweighted_mwpm,mwpm_nominal_uniform_model,12,1,5,74982,13,75000,0.00014666666666666666,0.005545667315244055,mwpm_nominal_uniform_model
heterogeneous_noise_multiseed_pairwise,5,5,0.01,local_defect_edge,unweighted_mwpm,mwpm_oracle_heterogeneous_model,12,1,5,74982,13,75000,0.00014666666666666666,0.005545667315244055,mwpm_oracle_heterogeneous_model
heterogeneous_noise_multiseed_pairwise,5,5,0.01,uniform_control,final_data_majority,mwpm_nominal_uniform_model,102,4,6,74888,106,75000,0.0013066666666666667,4.448041287042481e-21,mwpm_nominal_uniform_model
heterogeneous_noise_multiseed_pairwise,5,5,0.01,uniform_control,final_data_majority,mwpm_oracle_heterogeneous_model,102,4,6,74888,106,75000,0.0013066666666666667,4.448041287042481e-21,mwpm_oracle_heterogeneous_model
heterogeneous_noise_multiseed_pairwise,5,5,0.01,uniform_control,final_data_majority,unweighted_mwpm,89,3,19,74889,92,75000,0.0011466666666666667,7.868854584981831e-19,unweighted_mwpm
heterogeneous_noise_multiseed_pairwise,5,5,0.01,uniform_control,mwpm_nominal_uniform_model,mwpm_oracle_heterogeneous_model,0,0,10,74990,0,75000,0.0,1.0,tie
heterogeneous_noise_multiseed_pairwise,5,5,0.01,uniform_control,unweighted_mwpm,mwpm_nominal_uniform_model,13,1,9,74977,14,75000,0.00016,0.003283460986069042,mwpm_nominal_uniform_model
heterogeneous_noise_multiseed_pairwise,5,5,0.01,uniform_control,unweighted_mwpm,mwpm_oracle_heterogeneous_model,13,1,9,74977,14,75000,0.00016,0.003283460986069042,mwpm_oracle_heterogeneous_model
heterogeneous_noise_multiseed_pairwise,5,5,0.02,local_defect_center,final_data_majority,mwpm_nominal_uniform_model,403,24,29,74544,427,75000,0.005053333333333333,9.46070201880313e-75,mwpm_nominal_uniform_model
heterogeneous_noise_multiseed_pairwise,5,5,0.02,local_defect_center,final_data_majority,mwpm_oracle_heterogeneous_model,404,23,28,74545,427,75000,0.00508,1.5947624746845161e-75,mwpm_oracle_heterogeneous_model
heterogeneous_noise_multiseed_pairwise,5,5,0.02,local_defect_center,final_data_majority,unweighted_mwpm,369,23,63,74545,392,75000,0.004613333333333333,5.318613735576504e-68,unweighted_mwpm
heterogeneous_noise_multiseed_pairwise,5,5,0.02,local_defect_center,mwpm_nominal_uniform_model,mwpm_oracle_heterogeneous_model,11,9,42,74938,20,75000,2.6666666666666667e-05,0.8230632737581215,mwpm_oracle_heterogeneous_model
heterogeneous_noise_multiseed_pairwise,5,5,0.02,local_defect_center,unweighted_mwpm,mwpm_nominal_uniform_model,44,11,42,74903,55,75000,0.00044,1.5969025980790492e-05,mwpm_nominal_uniform_model
heterogeneous_noise_multiseed_pairwise,5,5,0.02,local_defect_center,unweighted_mwpm,mwpm_oracle_heterogeneous_model,54,19,32,74895,73,75000,0.00046666666666666666,6.908970237058216e-05,mwpm_oracle_heterogeneous_model
heterogeneous_noise_multiseed_pairwise,5,5,0.02,local_defect_edge,final_data_majority,mwpm_nominal_uniform_model,380,19,41,74560,399,75000,0.0048133333333333335,1.296465379344135e-72,mwpm_nominal_uniform_model
heterogeneous_noise_multiseed_pairwise,5,5,0.02,local_defect_edge,final_data_majority,mwpm_oracle_heterogeneous_model,396,31,25,74548,427,75000,0.004866666666666667,1.8834026140964982e-69,mwpm_oracle_heterogeneous_model
heterogeneous_noise_multiseed_pairwise,5,5,0.02,local_defect_edge,final_data_majority,unweighted_mwpm,343,26,78,74553,369,75000,0.004226666666666667,8.344983475071801e-61,unweighted_mwpm
heterogeneous_noise_multiseed_pairwise,5,5,0.02,local_defect_edge,mwpm_nominal_uniform_model,mwpm_oracle_heterogeneous_model,20,16,40,74924,36,75000,5.333333333333333e-05,0.6170750774519738,mwpm_oracle_heterogeneous_model
heterogeneous_noise_multiseed_pairwise,5,5,0.02,local_defect_edge,unweighted_mwpm,mwpm_nominal_uniform_model,53,9,51,74887,62,75000,0.0005866666666666667,4.734454830844193e-08,mwpm_nominal_uniform_model
heterogeneous_noise_multiseed_pairwise,5,5,0.02,local_defect_edge,unweighted_mwpm,mwpm_oracle_heterogeneous_model,71,23,33,74873,94,75000,0.00064,1.2491376709676258e-06,mwpm_oracle_heterogeneous_model
heterogeneous_noise_multiseed_pairwise,5,5,0.02,uniform_control,final_data_majority,mwpm_nominal_uniform_model,570,16,50,74364,586,75000,0.007386666666666666,1.6681382980971499e-115,mwpm_nominal_uniform_model
heterogeneous_noise_multiseed_pairwise,5,5,0.02,uniform_control,final_data_majority,mwpm_oracle_heterogeneous_model,570,16,50,74364,586,75000,0.007386666666666666,1.6681382980971499e-115,mwpm_oracle_heterogeneous_model
heterogeneous_noise_multiseed_pairwise,5,5,0.02,uniform_control,final_data_majority,unweighted_mwpm,512,14,108,74366,526,75000,0.00664,3.917959503730916e-104,unweighted_mwpm
heterogeneous_noise_multiseed_pairwise,5,5,0.02,uniform_control,mwpm_nominal_uniform_model,mwpm_oracle_heterogeneous_model,0,0,66,74934,0,75000,0.0,1.0,tie
heterogeneous_noise_multiseed_pairwise,5,5,0.02,uniform_control,unweighted_mwpm,mwpm_nominal_uniform_model,69,13,53,74865,82,75000,0.0007466666666666666,1.249697242610143e-09,mwpm_nominal_uniform_model
heterogeneous_noise_multiseed_pairwise,5,5,0.02,uniform_control,unweighted_mwpm,mwpm_oracle_heterogeneous_model,69,13,53,74865,82,75000,0.0007466666666666666,1.249697242610143e-09,mwpm_oracle_heterogeneous_model
heterogeneous_noise_multiseed_pairwise,7,7,0.01,local_defect_center,final_data_majority,mwpm_nominal_uniform_model,55,1,1,74943,56,75000,0.00072,1.4165556723752645e-12,mwpm_nominal_uniform_model
heterogeneous_noise_multiseed_pairwise,7,7,0.01,local_defect_center,final_data_majority,mwpm_oracle_heterogeneous_model,55,1,1,74943,56,75000,0.00072,1.4165556723752645e-12,mwpm_oracle_heterogeneous_model
heterogeneous_noise_multiseed_pairwise,7,7,0.01,local_defect_center,final_data_majority,unweighted_mwpm,53,2,3,74942,55,75000,0.00068,1.5622256215672133e-11,unweighted_mwpm
heterogeneous_noise_multiseed_pairwise,7,7,0.01,local_defect_center,mwpm_nominal_uniform_model,mwpm_oracle_heterogeneous_model,0,0,2,74998,0,75000,0.0,1.0,tie
heterogeneous_noise_multiseed_pairwise,7,7,0.01,local_defect_center,unweighted_mwpm,mwpm_nominal_uniform_model,3,0,2,74995,3,75000,4e-05,0.24821307898992356,mwpm_nominal_uniform_model
heterogeneous_noise_multiseed_pairwise,7,7,0.01,local_defect_center,unweighted_mwpm,mwpm_oracle_heterogeneous_model,3,0,2,74995,3,75000,4e-05,0.24821307898992356,mwpm_oracle_heterogeneous_model
heterogeneous_noise_multiseed_pairwise,7,7,0.01,local_defect_edge,final_data_majority,mwpm_nominal_uniform_model,66,1,0,74933,67,75000,0.0008666666666666666,5.331044095447071e-15,mwpm_nominal_uniform_model
heterogeneous_noise_multiseed_pairwise,7,7,0.01,local_defect_edge,final_data_majority,mwpm_oracle_heterogeneous_model,66,1,0,74933,67,75000,0.0008666666666666666,5.331044095447071e-15,mwpm_oracle_heterogeneous_model
heterogeneous_noise_multiseed_pairwise,7,7,0.01,local_defect_edge,final_data_majority,unweighted_mwpm,64,2,2,74932,66,75000,0.0008266666666666666,5.977172195599407e-14,unweighted_mwpm
heterogeneous_noise_multiseed_pairwise,7,7,0.01,local_defect_edge,mwpm_nominal_uniform_model,mwpm_oracle_heterogeneous_model,0,0,1,74999,0,75000,0.0,1.0,tie
heterogeneous_noise_multiseed_pairwise,7,7,0.01,local_defect_edge,unweighted_mwpm,mwpm_nominal_uniform_model,3,0,1,74996,3,75000,4e-05,0.24821307898992356,mwpm_nominal_uniform_model
heterogeneous_noise_multiseed_pairwise,7,7,0.01,local_defect_edge,unweighted_mwpm,mwpm_oracle_heterogeneous_model,3,0,1,74996,3,75000,4e-05,0.24821307898992356,mwpm_oracle_heterogeneous_model
heterogeneous_noise_multiseed_pairwise,7,7,0.01,uniform_control,final_data_majority,mwpm_nominal_uniform_model,63,0,0,74937,63,75000,0.00084,5.66164849051095e-15,mwpm_nominal_uniform_model
heterogeneous_noise_multiseed_pairwise,7,7,0.01,uniform_control,final_data_majority,mwpm_oracle_heterogeneous_model,63,0,0,74937,63,75000,0.00084,5.66164849051095e-15,mwpm_oracle_heterogeneous_model
heterogeneous_noise_multiseed_pairwise,7,7,0.01,uniform_control,final_data_majority,unweighted_mwpm,63,0,0,74937,63,75000,0.00084,5.66164849051095e-15,unweighted_mwpm
heterogeneous_noise_multiseed_pairwise,7,7,0.01,uniform_control,mwpm_nominal_uniform_model,mwpm_oracle_heterogeneous_model,0,0,0,75000,0,75000,0.0,1.0,tie
heterogeneous_noise_multiseed_pairwise,7,7,0.01,uniform_control,unweighted_mwpm,mwpm_nominal_uniform_model,0,0,0,75000,0,75000,0.0,1.0,tie
heterogeneous_noise_multiseed_pairwise,7,7,0.01,uniform_control,unweighted_mwpm,mwpm_oracle_heterogeneous_model,0,0,0,75000,0,75000,0.0,1.0,tie
heterogeneous_noise_multiseed_pairwise,7,7,0.02,local_defect_center,final_data_majority,mwpm_nominal_uniform_model,420,6,4,74570,426,75000,0.00552,4.51414174348885e-89,mwpm_nominal_uniform_model
heterogeneous_noise_multiseed_pairwise,7,7,0.02,local_defect_center,final_data_majority,mwpm_oracle_heterogeneous_model,421,7,3,74569,428,75000,0.00552,1.1531146461973382e-88,mwpm_oracle_heterogeneous_model
heterogeneous_noise_multiseed_pairwise,7,7,0.02,local_defect_center,final_data_majority,unweighted_mwpm,414,4,10,74572,418,75000,0.0054666666666666665,4.997481888313236e-89,unweighted_mwpm
heterogeneous_noise_multiseed_pairwise,7,7,0.02,local_defect_center,mwpm_nominal_uniform_model,mwpm_oracle_heterogeneous_model,5,5,5,74985,10,75000,0.0,0.7518296340458492,tie
heterogeneous_noise_multiseed_pairwise,7,7,0.02,local_defect_center,unweighted_mwpm,mwpm_nominal_uniform_model,8,4,6,74982,12,75000,5.333333333333333e-05,0.3864762307712328,mwpm_nominal_uniform_model
heterogeneous_noise_multiseed_pairwise,7,7,0.02,local_defect_center,unweighted_mwpm,mwpm_oracle_heterogeneous_model,12,8,2,74978,20,75000,5.333333333333333e-05,0.502334954360502,mwpm_oracle_heterogeneous_model
heterogeneous_noise_multiseed_pairwise,7,7,0.02,local_defect_edge,final_data_majority,mwpm_nominal_uniform_model,379,4,10,74607,383,75000,0.005,2.064522794376706e-81,mwpm_nominal_uniform_model
heterogeneous_noise_multiseed_pairwise,7,7,0.02,local_defect_edge,final_data_majority,mwpm_oracle_heterogeneous_model,384,3,5,74608,387,75000,0.00508,3.9033791803644815e-83,mwpm_oracle_heterogeneous_model
heterogeneous_noise_multiseed_pairwise,7,7,0.02,local_defect_edge,final_data_majority,unweighted_mwpm,369,10,20,74601,379,75000,0.0047866666666666665,1.602549732419289e-75,unweighted_mwpm
heterogeneous_noise_multiseed_pairwise,7,7,0.02,local_defect_edge,mwpm_nominal_uniform_model,mwpm_oracle_heterogeneous_model,7,1,7,74985,8,75000,8e-05,0.07709987174354177,mwpm_oracle_heterogeneous_model
heterogeneous_noise_multiseed_pairwise,7,7,0.02,local_defect_edge,unweighted_mwpm,mwpm_nominal_uniform_model,19,3,11,74967,22,75000,0.00021333333333333333,0.0013837912401647983,mwpm_nominal_uniform_model
heterogeneous_noise_multiseed_pairwise,7,7,0.02,local_defect_edge,unweighted_mwpm,mwpm_oracle_heterogeneous_model,25,3,5,74967,28,75000,0.0002933333333333333,7.228793882618053e-05,mwpm_oracle_heterogeneous_model
heterogeneous_noise_multiseed_pairwise,7,7,0.02,uniform_control,final_data_majority,mwpm_nominal_uniform_model,532,4,11,74453,536,75000,0.00704,1.0685422800034441e-114,mwpm_nominal_uniform_model
heterogeneous_noise_multiseed_pairwise,7,7,0.02,uniform_control,final_data_majority,mwpm_oracle_heterogeneous_model,532,4,11,74453,536,75000,0.00704,1.0685422800034441e-114,mwpm_oracle_heterogeneous_model
heterogeneous_noise_multiseed_pairwise,7,7,0.02,uniform_control,final_data_majority,unweighted_mwpm,516,6,27,74451,522,75000,0.0068,5.99587956888038e-110,unweighted_mwpm
heterogeneous_noise_multiseed_pairwise,7,7,0.02,uniform_control,mwpm_nominal_uniform_model,mwpm_oracle_heterogeneous_model,0,0,15,74985,0,75000,0.0,1.0,tie
heterogeneous_noise_multiseed_pairwise,7,7,0.02,uniform_control,unweighted_mwpm,mwpm_nominal_uniform_model,21,3,12,74964,24,75000,0.00024,0.0005202443475902301,mwpm_nominal_uniform_model
heterogeneous_noise_multiseed_pairwise,7,7,0.02,uniform_control,unweighted_mwpm,mwpm_oracle_heterogeneous_model,21,3,12,74964,24,75000,0.00024,0.0005202443475902301,mwpm_oracle_heterogeneous_model
