layer,experiment,distance,rounds,p_mean,scenario,effective_p_mean,effective_p_std,defect_index,shots,seed,left_method,right_method,left_only_failures,right_only_failures,both_failures,both_success
layer2,heterogeneous_noise_same_mean_pairwise,5,5,0.01,uniform_control,0.01,0.0,0,25000,202,final_data_majority,unweighted_mwpm,24,1,6,24969
layer2,heterogeneous_noise_same_mean_pairwise,5,5,0.01,uniform_control,0.01,0.0,0,25000,202,final_data_majority,mwpm_nominal_uniform_model,28,1,2,24969
layer2,heterogeneous_noise_same_mean_pairwise,5,5,0.01,uniform_control,0.01,0.0,0,25000,202,final_data_majority,mwpm_oracle_heterogeneous_model,28,1,2,24969
layer2,heterogeneous_noise_same_mean_pairwise,5,5,0.01,uniform_control,0.01,0.0,0,25000,202,unweighted_mwpm,mwpm_nominal_uniform_model,4,0,3,24993
layer2,heterogeneous_noise_same_mean_pairwise,5,5,0.01,uniform_control,0.01,0.0,0,25000,202,unweighted_mwpm,mwpm_oracle_heterogeneous_model,4,0,3,24993
layer2,heterogeneous_noise_same_mean_pairwise,5,5,0.01,uniform_control,0.01,0.0,0,25000,202,mwpm_nominal_uniform_model,mwpm_oracle_heterogeneous_model,0,0,3,24997
layer2,heterogeneous_noise_same_mean_pairwise,5,5,0.01,local_defect_edge,0.009999999999999998,0.0075,0,25000,202,final_data_majority,unweighted_mwpm,21,1,2,24976
layer2,heterogeneous_noise_same_mean_pairwise,5,5,0.01,local_defect_edge,0.009999999999999998,0.0075,0,25000,202,final_data_majority,mwpm_nominal_uniform_model,21,1,2,24976
layer2,heterogeneous_noise_same_mean_pairwise,5,5,0.01,local_defect_edge,0.009999999999999998,0.0075,0,25000,202,final_data_majority,mwpm_oracle_heterogeneous_model,21,1,2,24976
layer2,heterogeneous_noise_same_mean_pairwise,5,5,0.01,local_defect_edge,0.009999999999999998,0.0075,0,25000,202,unweighted_mwpm,mwpm_nominal_uniform_model,0,0,3,24997
layer2,heterogeneous_noise_same_mean_pairwise,5,5,0.01,local_defect_edge,0.009999999999999998,0.0075,0,25000,202,unweighted_mwpm,mwpm_oracle_heterogeneous_model,0,0,3,24997
layer2,heterogeneous_noise_same_mean_pairwise,5,5,0.01,local_defect_edge,0.009999999999999998,0.0075,0,25000,202,mwpm_nominal_uniform_model,mwpm_oracle_heterogeneous_model,0,0,3,24997
layer2,heterogeneous_noise_same_mean_pairwise,5,5,0.01,local_defect_center,0.01,0.0075000000000000015,2,25000,202,final_data_majority,unweighted_mwpm,25,1,1,24973
layer2,heterogeneous_noise_same_mean_pairwise,5,5,0.01,local_defect_center,0.01,0.0075000000000000015,2,25000,202,final_data_majority,mwpm_nominal_uniform_model,25,0,1,24974
layer2,heterogeneous_noise_same_mean_pairwise,5,5,0.01,local_defect_center,0.01,0.0075000000000000015,2,25000,202,final_data_majority,mwpm_oracle_heterogeneous_model,25,0,1,24974
layer2,heterogeneous_noise_same_mean_pairwise,5,5,0.01,local_defect_center,0.01,0.0075000000000000015,2,25000,202,unweighted_mwpm,mwpm_nominal_uniform_model,1,0,1,24998
layer2,heterogeneous_noise_same_mean_pairwise,5,5,0.01,local_defect_center,0.01,0.0075000000000000015,2,25000,202,unweighted_mwpm,mwpm_oracle_heterogeneous_model,1,0,1,24998
layer2,heterogeneous_noise_same_mean_pairwise,5,5,0.01,local_defect_center,0.01,0.0075000000000000015,2,25000,202,mwpm_nominal_uniform_model,mwpm_oracle_heterogeneous_model,0,0,1,24999
layer2,heterogeneous_noise_same_mean_pairwise,5,5,0.02,uniform_control,0.02,0.0,0,25000,202,final_data_majority,unweighted_mwpm,175,7,36,24782
layer2,heterogeneous_noise_same_mean_pairwise,5,5,0.02,uniform_control,0.02,0.0,0,25000,202,final_data_majority,mwpm_nominal_uniform_model,196,7,15,24782
layer2,heterogeneous_noise_same_mean_pairwise,5,5,0.02,uniform_control,0.02,0.0,0,25000,202,final_data_majority,mwpm_oracle_heterogeneous_model,196,7,15,24782
layer2,heterogeneous_noise_same_mean_pairwise,5,5,0.02,uniform_control,0.02,0.0,0,25000,202,unweighted_mwpm,mwpm_nominal_uniform_model,25,4,18,24953
layer2,heterogeneous_noise_same_mean_pairwise,5,5,0.02,uniform_control,0.02,0.0,0,25000,202,unweighted_mwpm,mwpm_oracle_heterogeneous_model,25,4,18,24953
layer2,heterogeneous_noise_same_mean_pairwise,5,5,0.02,uniform_control,0.02,0.0,0,25000,202,mwpm_nominal_uniform_model,mwpm_oracle_heterogeneous_model,0,0,22,24978
layer2,heterogeneous_noise_same_mean_pairwise,5,5,0.02,local_defect_edge,0.019999999999999997,0.015,0,25000,202,final_data_majority,unweighted_mwpm,117,9,23,24851
layer2,heterogeneous_noise_same_mean_pairwise,5,5,0.02,local_defect_edge,0.019999999999999997,0.015,0,25000,202,final_data_majority,mwpm_nominal_uniform_model,129,5,11,24855
layer2,heterogeneous_noise_same_mean_pairwise,5,5,0.02,local_defect_edge,0.019999999999999997,0.015,0,25000,202,final_data_majority,mwpm_oracle_heterogeneous_model,132,10,8,24850
layer2,heterogeneous_noise_same_mean_pairwise,5,5,0.02,local_defect_edge,0.019999999999999997,0.015,0,25000,202,unweighted_mwpm,mwpm_nominal_uniform_model,19,3,13,24965
layer2,heterogeneous_noise_same_mean_pairwise,5,5,0.02,local_defect_edge,0.019999999999999997,0.015,0,25000,202,unweighted_mwpm,mwpm_oracle_heterogeneous_model,23,9,9,24959
layer2,heterogeneous_noise_same_mean_pairwise,5,5,0.02,local_defect_edge,0.019999999999999997,0.015,0,25000,202,mwpm_nominal_uniform_model,mwpm_oracle_heterogeneous_model,4,6,12,24978
layer2,heterogeneous_noise_same_mean_pairwise,5,5,0.02,local_defect_center,0.02,0.015000000000000003,2,25000,202,final_data_majority,unweighted_mwpm,110,6,19,24865
layer2,heterogeneous_noise_same_mean_pairwise,5,5,0.02,local_defect_center,0.02,0.015000000000000003,2,25000,202,final_data_majority,mwpm_nominal_uniform_model,120,7,9,24864
layer2,heterogeneous_noise_same_mean_pairwise,5,5,0.02,local_defect_center,0.02,0.015000000000000003,2,25000,202,final_data_majority,mwpm_oracle_heterogeneous_model,122,8,7,24863
layer2,heterogeneous_noise_same_mean_pairwise,5,5,0.02,local_defect_center,0.02,0.015000000000000003,2,25000,202,unweighted_mwpm,mwpm_nominal_uniform_model,13,4,12,24971
layer2,heterogeneous_noise_same_mean_pairwise,5,5,0.02,local_defect_center,0.02,0.015000000000000003,2,25000,202,unweighted_mwpm,mwpm_oracle_heterogeneous_model,15,5,10,24970
layer2,heterogeneous_noise_same_mean_pairwise,5,5,0.02,local_defect_center,0.02,0.015000000000000003,2,25000,202,mwpm_nominal_uniform_model,mwpm_oracle_heterogeneous_model,2,1,14,24983
layer2,heterogeneous_noise_same_mean_pairwise,7,7,0.01,uniform_control,0.01,0.0,0,25000,202,final_data_majority,unweighted_mwpm,21,0,0,24979
layer2,heterogeneous_noise_same_mean_pairwise,7,7,0.01,uniform_control,0.01,0.0,0,25000,202,final_data_majority,mwpm_nominal_uniform_model,21,0,0,24979
layer2,heterogeneous_noise_same_mean_pairwise,7,7,0.01,uniform_control,0.01,0.0,0,25000,202,final_data_majority,mwpm_oracle_heterogeneous_model,21,0,0,24979
layer2,heterogeneous_noise_same_mean_pairwise,7,7,0.01,uniform_control,0.01,0.0,0,25000,202,unweighted_mwpm,mwpm_nominal_uniform_model,0,0,0,25000
layer2,heterogeneous_noise_same_mean_pairwise,7,7,0.01,uniform_control,0.01,0.0,0,25000,202,unweighted_mwpm,mwpm_oracle_heterogeneous_model,0,0,0,25000
layer2,heterogeneous_noise_same_mean_pairwise,7,7,0.01,uniform_control,0.01,0.0,0,25000,202,mwpm_nominal_uniform_model,mwpm_oracle_heterogeneous_model,0,0,0,25000
layer2,heterogeneous_noise_same_mean_pairwise,7,7,0.01,local_defect_edge,0.01,0.006123724356957947,0,25000,202,final_data_majority,unweighted_mwpm,23,0,1,24976
layer2,heterogeneous_noise_same_mean_pairwise,7,7,0.01,local_defect_edge,0.01,0.006123724356957947,0,25000,202,final_data_majority,mwpm_nominal_uniform_model,24,0,0,24976
layer2,heterogeneous_noise_same_mean_pairwise,7,7,0.01,local_defect_edge,0.01,0.006123724356957947,0,25000,202,final_data_majority,mwpm_oracle_heterogeneous_model,24,0,0,24976
layer2,heterogeneous_noise_same_mean_pairwise,7,7,0.01,local_defect_edge,0.01,0.006123724356957947,0,25000,202,unweighted_mwpm,mwpm_nominal_uniform_model,1,0,0,24999
layer2,heterogeneous_noise_same_mean_pairwise,7,7,0.01,local_defect_edge,0.01,0.006123724356957947,0,25000,202,unweighted_mwpm,mwpm_oracle_heterogeneous_model,1,0,0,24999
layer2,heterogeneous_noise_same_mean_pairwise,7,7,0.01,local_defect_edge,0.01,0.006123724356957947,0,25000,202,mwpm_nominal_uniform_model,mwpm_oracle_heterogeneous_model,0,0,0,25000
layer2,heterogeneous_noise_same_mean_pairwise,7,7,0.01,local_defect_center,0.01,0.006123724356957946,3,25000,202,final_data_majority,unweighted_mwpm,15,0,1,24984
layer2,heterogeneous_noise_same_mean_pairwise,7,7,0.01,local_defect_center,0.01,0.006123724356957946,3,25000,202,final_data_majority,mwpm_nominal_uniform_model,16,0,0,24984
layer2,heterogeneous_noise_same_mean_pairwise,7,7,0.01,local_defect_center,0.01,0.006123724356957946,3,25000,202,final_data_majority,mwpm_oracle_heterogeneous_model,16,0,0,24984
layer2,heterogeneous_noise_same_mean_pairwise,7,7,0.01,local_defect_center,0.01,0.006123724356957946,3,25000,202,unweighted_mwpm,mwpm_nominal_uniform_model,1,0,0,24999
layer2,heterogeneous_noise_same_mean_pairwise,7,7,0.01,local_defect_center,0.01,0.006123724356957946,3,25000,202,unweighted_mwpm,mwpm_oracle_heterogeneous_model,1,0,0,24999
layer2,heterogeneous_noise_same_mean_pairwise,7,7,0.01,local_defect_center,0.01,0.006123724356957946,3,25000,202,mwpm_nominal_uniform_model,mwpm_oracle_heterogeneous_model,0,0,0,25000
layer2,heterogeneous_noise_same_mean_pairwise,7,7,0.02,uniform_control,0.02,0.0,0,25000,202,final_data_majority,unweighted_mwpm,204,0,11,24785
layer2,heterogeneous_noise_same_mean_pairwise,7,7,0.02,uniform_control,0.02,0.0,0,25000,202,final_data_majority,mwpm_nominal_uniform_model,210,1,5,24784
layer2,heterogeneous_noise_same_mean_pairwise,7,7,0.02,uniform_control,0.02,0.0,0,25000,202,final_data_majority,mwpm_oracle_heterogeneous_model,210,1,5,24784
layer2,heterogeneous_noise_same_mean_pairwise,7,7,0.02,uniform_control,0.02,0.0,0,25000,202,unweighted_mwpm,mwpm_nominal_uniform_model,6,1,5,24988
layer2,heterogeneous_noise_same_mean_pairwise,7,7,0.02,uniform_control,0.02,0.0,0,25000,202,unweighted_mwpm,mwpm_oracle_heterogeneous_model,6,1,5,24988
layer2,heterogeneous_noise_same_mean_pairwise,7,7,0.02,uniform_control,0.02,0.0,0,25000,202,mwpm_nominal_uniform_model,mwpm_oracle_heterogeneous_model,0,0,6,24994
layer2,heterogeneous_noise_same_mean_pairwise,7,7,0.02,local_defect_edge,0.02,0.012247448713915894,0,25000,202,final_data_majority,unweighted_mwpm,123,2,8,24867
layer2,heterogeneous_noise_same_mean_pairwise,7,7,0.02,local_defect_edge,0.02,0.012247448713915894,0,25000,202,final_data_majority,mwpm_nominal_uniform_model,125,0,6,24869
layer2,heterogeneous_noise_same_mean_pairwise,7,7,0.02,local_defect_edge,0.02,0.012247448713915894,0,25000,202,final_data_majority,mwpm_oracle_heterogeneous_model,128,0,3,24869
layer2,heterogeneous_noise_same_mean_pairwise,7,7,0.02,local_defect_edge,0.02,0.012247448713915894,0,25000,202,unweighted_mwpm,mwpm_nominal_uniform_model,5,1,5,24989
layer2,heterogeneous_noise_same_mean_pairwise,7,7,0.02,local_defect_edge,0.02,0.012247448713915894,0,25000,202,unweighted_mwpm,mwpm_oracle_heterogeneous_model,8,1,2,24989
layer2,heterogeneous_noise_same_mean_pairwise,7,7,0.02,local_defect_edge,0.02,0.012247448713915894,0,25000,202,mwpm_nominal_uniform_model,mwpm_oracle_heterogeneous_model,3,0,3,24994
layer2,heterogeneous_noise_same_mean_pairwise,7,7,0.02,local_defect_center,0.02,0.012247448713915893,3,25000,202,final_data_majority,unweighted_mwpm,125,2,6,24867
layer2,heterogeneous_noise_same_mean_pairwise,7,7,0.02,local_defect_center,0.02,0.012247448713915893,3,25000,202,final_data_majority,mwpm_nominal_uniform_model,129,2,2,24867
layer2,heterogeneous_noise_same_mean_pairwise,7,7,0.02,local_defect_center,0.02,0.012247448713915893,3,25000,202,final_data_majority,mwpm_oracle_heterogeneous_model,130,3,1,24866
layer2,heterogeneous_noise_same_mean_pairwise,7,7,0.02,local_defect_center,0.02,0.012247448713915893,3,25000,202,unweighted_mwpm,mwpm_nominal_uniform_model,5,1,3,24991
layer2,heterogeneous_noise_same_mean_pairwise,7,7,0.02,local_defect_center,0.02,0.012247448713915893,3,25000,202,unweighted_mwpm,mwpm_oracle_heterogeneous_model,7,3,1,24989
layer2,heterogeneous_noise_same_mean_pairwise,7,7,0.02,local_defect_center,0.02,0.012247448713915893,3,25000,202,mwpm_nominal_uniform_model,mwpm_oracle_heterogeneous_model,3,3,1,24993
