summary,distance,rounds,p_mean,scenario,method,total_failures,total_shots,pooled_logical_error_rate,ci95_low,ci95_high,upper_bound_95_if_zero
heterogeneous_noise_multiseed,5,5,0.01,local_defect_center,final_data_majority,77,75000,0.0010266666666666666,0.0008216075143067227,0.0012828393597851238,
heterogeneous_noise_multiseed,5,5,0.01,local_defect_center,mwpm_nominal_uniform_model,6,75000,8e-05,3.666471640948214e-05,0.0001745457984396666,
heterogeneous_noise_multiseed,5,5,0.01,local_defect_center,mwpm_oracle_heterogeneous_model,5,75000,6.666666666666667e-05,2.8475920587128352e-05,0.0001560692934276162,
heterogeneous_noise_multiseed,5,5,0.01,local_defect_center,unweighted_mwpm,15,75000,0.0002,0.00012121037752807463,0.0003299878448307119,
heterogeneous_noise_multiseed,5,5,0.01,local_defect_edge,final_data_majority,84,75000,0.00112,0.0009048164286849528,0.0013862875512477232,
heterogeneous_noise_multiseed,5,5,0.01,local_defect_edge,mwpm_nominal_uniform_model,6,75000,8e-05,3.666471640948214e-05,0.0001745457984396666,
heterogeneous_noise_multiseed,5,5,0.01,local_defect_edge,mwpm_oracle_heterogeneous_model,6,75000,8e-05,3.666471640948214e-05,0.0001745457984396666,
heterogeneous_noise_multiseed,5,5,0.01,local_defect_edge,unweighted_mwpm,17,75000,0.00022666666666666666,0.0001415296510108426,0.0003629991730167523,
heterogeneous_noise_multiseed,5,5,0.01,uniform_control,final_data_majority,108,75000,0.00144,0.0011929538655891358,0.0017381173343692412,
heterogeneous_noise_multiseed,5,5,0.01,uniform_control,mwpm_nominal_uniform_model,10,75000,0.00013333333333333334,7.242724632670219e-05,0.00024544447186006333,
heterogeneous_noise_multiseed,5,5,0.01,uniform_control,mwpm_oracle_heterogeneous_model,10,75000,0.00013333333333333334,7.242724632670219e-05,0.00024544447186006333,
heterogeneous_noise_multiseed,5,5,0.01,uniform_control,unweighted_mwpm,22,75000,0.0002933333333333333,0.00019372855240507969,0.00044412677579453623,
heterogeneous_noise_multiseed,5,5,0.02,local_defect_center,final_data_majority,432,75000,0.00576,0.005243132381938961,0.006327496288366378,
heterogeneous_noise_multiseed,5,5,0.02,local_defect_center,mwpm_nominal_uniform_model,53,75000,0.0007066666666666666,0.0005403467213696628,0.0009241329326964831,
heterogeneous_noise_multiseed,5,5,0.02,local_defect_center,mwpm_oracle_heterogeneous_model,51,75000,0.00068,0.000517268669805653,0.0008938803825916848,
heterogeneous_noise_multiseed,5,5,0.02,local_defect_center,unweighted_mwpm,86,75000,0.0011466666666666667,0.0009286679589521915,0.0014157666226492932,
heterogeneous_noise_multiseed,5,5,0.02,local_defect_edge,final_data_majority,421,75000,0.005613333333333333,0.0051033655293551035,0.006173944831771786,
heterogeneous_noise_multiseed,5,5,0.02,local_defect_edge,mwpm_nominal_uniform_model,60,75000,0.0008,0.0006216175771766282,0.0010295191827303471,
heterogeneous_noise_multiseed,5,5,0.02,local_defect_edge,mwpm_oracle_heterogeneous_model,56,75000,0.0007466666666666666,0.000575086490947314,0.0009693890656220446,
heterogeneous_noise_multiseed,5,5,0.02,local_defect_edge,unweighted_mwpm,104,75000,0.0013866666666666667,0.0011446662190277342,0.001679743777593026,
heterogeneous_noise_multiseed,5,5,0.02,uniform_control,final_data_majority,620,75000,0.008266666666666667,0.007643360392756316,0.00894034483441701,
heterogeneous_noise_multiseed,5,5,0.02,uniform_control,mwpm_nominal_uniform_model,66,75000,0.00088,0.0006918206663409891,0.0011193078985724113,
heterogeneous_noise_multiseed,5,5,0.02,uniform_control,mwpm_oracle_heterogeneous_model,66,75000,0.00088,0.0006918206663409891,0.0011193078985724113,
heterogeneous_noise_multiseed,5,5,0.02,uniform_control,unweighted_mwpm,122,75000,0.0016266666666666667,0.0013626554548434675,0.0019417299567965679,
heterogeneous_noise_multiseed,7,7,0.01,local_defect_center,final_data_majority,56,75000,0.0007466666666666666,0.000575086490947314,0.0009693890656220446,
heterogeneous_noise_multiseed,7,7,0.01,local_defect_center,mwpm_nominal_uniform_model,2,75000,2.6666666666666667e-05,7.312839228112297e-06,9.723647228341968e-05,
heterogeneous_noise_multiseed,7,7,0.01,local_defect_center,mwpm_oracle_heterogeneous_model,2,75000,2.6666666666666667e-05,7.312839228112297e-06,9.723647228341968e-05,
heterogeneous_noise_multiseed,7,7,0.01,local_defect_center,unweighted_mwpm,5,75000,6.666666666666667e-05,2.8475920587128352e-05,0.0001560692934276162,
heterogeneous_noise_multiseed,7,7,0.01,local_defect_edge,final_data_majority,66,75000,0.00088,0.0006918206663409891,0.0011193078985724113,
heterogeneous_noise_multiseed,7,7,0.01,local_defect_edge,mwpm_nominal_uniform_model,1,75000,1.3333333333333333e-05,2.3536040676778324e-06,7.553040660944994e-05,
heterogeneous_noise_multiseed,7,7,0.01,local_defect_edge,mwpm_oracle_heterogeneous_model,1,75000,1.3333333333333333e-05,2.3536040676778324e-06,7.553040660944994e-05,
heterogeneous_noise_multiseed,7,7,0.01,local_defect_edge,unweighted_mwpm,4,75000,5.333333333333333e-05,2.074014567305317e-05,0.00013713976750728718,
heterogeneous_noise_multiseed,7,7,0.01,uniform_control,final_data_majority,63,75000,0.00084,0.0006566615355743776,0.0010744711268358103,
heterogeneous_noise_multiseed,7,7,0.01,uniform_control,mwpm_nominal_uniform_model,0,75000,0.0,0.0,5.121870984272358e-05,5.121870984272358e-05
heterogeneous_noise_multiseed,7,7,0.01,uniform_control,mwpm_oracle_heterogeneous_model,0,75000,0.0,0.0,5.121870984272358e-05,5.121870984272358e-05
heterogeneous_noise_multiseed,7,7,0.01,uniform_control,unweighted_mwpm,0,75000,0.0,0.0,5.121870984272358e-05,5.121870984272358e-05
heterogeneous_noise_multiseed,7,7,0.02,local_defect_center,final_data_majority,424,75000,0.005653333333333333,0.00514147478827612,0.006215831475353983,
heterogeneous_noise_multiseed,7,7,0.02,local_defect_center,mwpm_nominal_uniform_model,10,75000,0.00013333333333333334,7.242724632670219e-05,0.00024544447186006333,
heterogeneous_noise_multiseed,7,7,0.02,local_defect_center,mwpm_oracle_heterogeneous_model,10,75000,0.00013333333333333334,7.242724632670219e-05,0.00024544447186006333,
heterogeneous_noise_multiseed,7,7,0.02,local_defect_center,unweighted_mwpm,14,75000,0.00018666666666666666,0.00011120019236589573,0.00031333272915848656,
heterogeneous_noise_multiseed,7,7,0.02,local_defect_edge,final_data_majority,389,75000,0.005186666666666667,0.0046973077176021795,0.005726713016823777,
heterogeneous_noise_multiseed,7,7,0.02,local_defect_edge,mwpm_nominal_uniform_model,14,75000,0.00018666666666666666,0.00011120019236589573,0.00031333272915848656,
heterogeneous_noise_multiseed,7,7,0.02,local_defect_edge,mwpm_oracle_heterogeneous_model,8,75000,0.00010666666666666667,5.405095995099235e-05,0.0002104901565669648,
heterogeneous_noise_multiseed,7,7,0.02,local_defect_edge,unweighted_mwpm,30,75000,0.0004,0.00028021321926949847,0.000570964515605351,
heterogeneous_noise_multiseed,7,7,0.02,uniform_control,final_data_majority,543,75000,0.00724,0.006657969496448269,0.007872507566475933,
heterogeneous_noise_multiseed,7,7,0.02,uniform_control,mwpm_nominal_uniform_model,15,75000,0.0002,0.00012121037752807463,0.0003299878448307119,
heterogeneous_noise_multiseed,7,7,0.02,uniform_control,mwpm_oracle_heterogeneous_model,15,75000,0.0002,0.00012121037752807463,0.0003299878448307119,
heterogeneous_noise_multiseed,7,7,0.02,uniform_control,unweighted_mwpm,33,75000,0.00044,0.0003133337343879301,0.000617839902990132,
