summary,distance,rounds,p_mean,snapshot,left_method,right_method,left_only_failures,right_only_failures,both_failures,both_success,discordant_total,total_shots,delta_right_minus_left_failure_rate,mcnemar_p_approx,better_method
temporal_drift_multiseed_pairwise,5,10,0.01,constant_data_schedule,final_data_majority,mwpm_nominal_static_model,630,9,21,74340,639,75000,0.00828,7.645602704622453e-133,mwpm_nominal_static_model
temporal_drift_multiseed_pairwise,5,10,0.01,constant_data_schedule,final_data_majority,mwpm_oracle_true_schedule_model,630,9,21,74340,639,75000,0.00828,7.645602704622453e-133,mwpm_oracle_true_schedule_model
temporal_drift_multiseed_pairwise,5,10,0.01,constant_data_schedule,final_data_majority,unweighted_mwpm,609,11,42,74338,620,75000,0.007973333333333334,4.938754168051274e-127,unweighted_mwpm
temporal_drift_multiseed_pairwise,5,10,0.01,constant_data_schedule,mwpm_nominal_static_model,mwpm_oracle_true_schedule_model,0,0,30,74970,0,75000,0.0,1.0,tie
temporal_drift_multiseed_pairwise,5,10,0.01,constant_data_schedule,unweighted_mwpm,mwpm_nominal_static_model,30,7,23,74940,37,75000,0.0003066666666666667,0.0002982932471420175,mwpm_nominal_static_model
temporal_drift_multiseed_pairwise,5,10,0.01,constant_data_schedule,unweighted_mwpm,mwpm_oracle_true_schedule_model,30,7,23,74940,37,75000,0.0003066666666666667,0.0002982932471420175,mwpm_oracle_true_schedule_model
temporal_drift_multiseed_pairwise,5,10,0.01,front_half_low_back_half_high,final_data_majority,mwpm_nominal_static_model,673,14,24,74289,687,75000,0.008786666666666667,4.467534913854121e-139,mwpm_nominal_static_model
temporal_drift_multiseed_pairwise,5,10,0.01,front_half_low_back_half_high,final_data_majority,mwpm_oracle_true_schedule_model,672,14,25,74289,686,75000,0.008773333333333333,7.364967367211716e-139,mwpm_oracle_true_schedule_model
temporal_drift_multiseed_pairwise,5,10,0.01,front_half_low_back_half_high,final_data_majority,unweighted_mwpm,647,22,50,74281,669,75000,0.008333333333333333,1.358903985764954e-128,unweighted_mwpm
temporal_drift_multiseed_pairwise,5,10,0.01,front_half_low_back_half_high,mwpm_nominal_static_model,mwpm_oracle_true_schedule_model,0,1,38,74961,1,75000,-1.3333333333333333e-05,1.0,mwpm_nominal_static_model
temporal_drift_multiseed_pairwise,5,10,0.01,front_half_low_back_half_high,unweighted_mwpm,mwpm_nominal_static_model,41,7,31,74921,48,75000,0.0004533333333333333,1.9060376716772496e-06,mwpm_nominal_static_model
temporal_drift_multiseed_pairwise,5,10,0.01,front_half_low_back_half_high,unweighted_mwpm,mwpm_oracle_true_schedule_model,40,7,32,74921,47,75000,0.00044,3.0462024800424963e-06,mwpm_oracle_true_schedule_model
temporal_drift_multiseed_pairwise,5,10,0.01,measurement_only_worse,final_data_majority,mwpm_nominal_static_model,671,15,19,74295,686,75000,0.008746666666666666,5.001436186575623e-138,mwpm_nominal_static_model
temporal_drift_multiseed_pairwise,5,10,0.01,measurement_only_worse,final_data_majority,mwpm_oracle_true_schedule_model,671,16,19,74294,687,75000,0.008733333333333333,2.0487911908032908e-137,mwpm_oracle_true_schedule_model
temporal_drift_multiseed_pairwise,5,10,0.01,measurement_only_worse,final_data_majority,unweighted_mwpm,647,22,43,74288,669,75000,0.008333333333333333,1.358903985764954e-128,unweighted_mwpm
temporal_drift_multiseed_pairwise,5,10,0.01,measurement_only_worse,mwpm_nominal_static_model,mwpm_oracle_true_schedule_model,0,1,34,74965,1,75000,-1.3333333333333333e-05,1.0,mwpm_nominal_static_model
temporal_drift_multiseed_pairwise,5,10,0.01,measurement_only_worse,unweighted_mwpm,mwpm_nominal_static_model,35,4,30,74931,39,75000,0.0004133333333333333,1.5564763744776352e-06,mwpm_nominal_static_model
temporal_drift_multiseed_pairwise,5,10,0.01,measurement_only_worse,unweighted_mwpm,mwpm_oracle_true_schedule_model,35,5,30,74930,40,75000,0.0004,4.533293835657398e-06,mwpm_oracle_true_schedule_model
temporal_drift_multiseed_pairwise,5,10,0.02,constant_data_schedule,final_data_majority,mwpm_nominal_static_model,2976,50,98,71876,3026,75000,0.03901333333333333,0.0,mwpm_nominal_static_model
temporal_drift_multiseed_pairwise,5,10,0.02,constant_data_schedule,final_data_majority,mwpm_oracle_true_schedule_model,2976,50,98,71876,3026,75000,0.03901333333333333,0.0,mwpm_oracle_true_schedule_model
temporal_drift_multiseed_pairwise,5,10,0.02,constant_data_schedule,final_data_majority,unweighted_mwpm,2874,80,200,71846,2954,75000,0.03725333333333333,0.0,unweighted_mwpm
temporal_drift_multiseed_pairwise,5,10,0.02,constant_data_schedule,mwpm_nominal_static_model,mwpm_oracle_true_schedule_model,0,0,148,74852,0,75000,0.0,1.0,tie
temporal_drift_multiseed_pairwise,5,10,0.02,constant_data_schedule,unweighted_mwpm,mwpm_nominal_static_model,158,26,122,74694,184,75000,0.00176,4.571083891664337e-22,mwpm_nominal_static_model
temporal_drift_multiseed_pairwise,5,10,0.02,constant_data_schedule,unweighted_mwpm,mwpm_oracle_true_schedule_model,158,26,122,74694,184,75000,0.00176,4.571083891664337e-22,mwpm_oracle_true_schedule_model
temporal_drift_multiseed_pairwise,5,10,0.02,front_half_low_back_half_high,final_data_majority,mwpm_nominal_static_model,2981,74,124,71821,3055,75000,0.03876,0.0,mwpm_nominal_static_model
temporal_drift_multiseed_pairwise,5,10,0.02,front_half_low_back_half_high,final_data_majority,mwpm_oracle_true_schedule_model,2987,90,118,71805,3077,75000,0.03862666666666666,0.0,mwpm_oracle_true_schedule_model
temporal_drift_multiseed_pairwise,5,10,0.02,front_half_low_back_half_high,final_data_majority,unweighted_mwpm,2810,115,295,71780,2925,75000,0.03593333333333333,0.0,unweighted_mwpm
temporal_drift_multiseed_pairwise,5,10,0.02,front_half_low_back_half_high,mwpm_nominal_static_model,mwpm_oracle_true_schedule_model,43,53,155,74749,96,75000,-0.00013333333333333334,0.35832646674888025,mwpm_nominal_static_model
temporal_drift_multiseed_pairwise,5,10,0.02,front_half_low_back_half_high,unweighted_mwpm,mwpm_nominal_static_model,234,22,176,74568,256,75000,0.0028266666666666666,1.0356301150437892e-39,mwpm_nominal_static_model
temporal_drift_multiseed_pairwise,5,10,0.02,front_half_low_back_half_high,unweighted_mwpm,mwpm_oracle_true_schedule_model,275,73,135,74517,348,75000,0.002693333333333333,4.531047298351424e-27,mwpm_oracle_true_schedule_model
temporal_drift_multiseed_pairwise,5,10,0.02,measurement_only_worse,final_data_majority,mwpm_nominal_static_model,2958,58,117,71867,3016,75000,0.03866666666666667,0.0,mwpm_nominal_static_model
temporal_drift_multiseed_pairwise,5,10,0.02,measurement_only_worse,final_data_majority,mwpm_oracle_true_schedule_model,2957,56,118,71869,3013,75000,0.03868,0.0,mwpm_oracle_true_schedule_model
temporal_drift_multiseed_pairwise,5,10,0.02,measurement_only_worse,final_data_majority,unweighted_mwpm,2871,91,204,71834,2962,75000,0.037066666666666664,0.0,unweighted_mwpm
temporal_drift_multiseed_pairwise,5,10,0.02,measurement_only_worse,mwpm_nominal_static_model,mwpm_oracle_true_schedule_model,3,2,172,74823,5,75000,1.3333333333333333e-05,1.0,mwpm_oracle_true_schedule_model
temporal_drift_multiseed_pairwise,5,10,0.02,measurement_only_worse,unweighted_mwpm,mwpm_nominal_static_model,156,36,139,74669,192,75000,0.0016,8.843064443454416e-18,mwpm_nominal_static_model
temporal_drift_multiseed_pairwise,5,10,0.02,measurement_only_worse,unweighted_mwpm,mwpm_oracle_true_schedule_model,154,33,141,74672,187,75000,0.0016133333333333334,1.704956868242577e-18,mwpm_oracle_true_schedule_model
temporal_drift_multiseed_pairwise,7,10,0.01,constant_data_schedule,final_data_majority,mwpm_nominal_static_model,198,0,0,74802,198,75000,0.00264,1.5547563679238394e-44,mwpm_nominal_static_model
temporal_drift_multiseed_pairwise,7,10,0.01,constant_data_schedule,final_data_majority,mwpm_oracle_true_schedule_model,198,0,0,74802,198,75000,0.00264,1.5547563679238394e-44,mwpm_oracle_true_schedule_model
temporal_drift_multiseed_pairwise,7,10,0.01,constant_data_schedule,final_data_majority,unweighted_mwpm,197,0,1,74802,197,75000,0.0026266666666666665,2.5698253500605534e-44,unweighted_mwpm
temporal_drift_multiseed_pairwise,7,10,0.01,constant_data_schedule,mwpm_nominal_static_model,mwpm_oracle_true_schedule_model,0,0,0,75000,0,75000,0.0,1.0,tie
temporal_drift_multiseed_pairwise,7,10,0.01,constant_data_schedule,unweighted_mwpm,mwpm_nominal_static_model,1,0,0,74999,1,75000,1.3333333333333333e-05,1.0,mwpm_nominal_static_model
temporal_drift_multiseed_pairwise,7,10,0.01,constant_data_schedule,unweighted_mwpm,mwpm_oracle_true_schedule_model,1,0,0,74999,1,75000,1.3333333333333333e-05,1.0,mwpm_oracle_true_schedule_model
temporal_drift_multiseed_pairwise,7,10,0.01,front_half_low_back_half_high,final_data_majority,mwpm_nominal_static_model,208,0,2,74790,208,75000,0.0027733333333333334,1.0222157912547608e-46,mwpm_nominal_static_model
temporal_drift_multiseed_pairwise,7,10,0.01,front_half_low_back_half_high,final_data_majority,mwpm_oracle_true_schedule_model,208,0,2,74790,208,75000,0.0027733333333333334,1.0222157912547608e-46,mwpm_oracle_true_schedule_model
temporal_drift_multiseed_pairwise,7,10,0.01,front_half_low_back_half_high,final_data_majority,unweighted_mwpm,204,1,6,74789,205,75000,0.0027066666666666667,3.376573639198949e-45,unweighted_mwpm
temporal_drift_multiseed_pairwise,7,10,0.01,front_half_low_back_half_high,mwpm_nominal_static_model,mwpm_oracle_true_schedule_model,0,0,2,74998,0,75000,0.0,1.0,tie
temporal_drift_multiseed_pairwise,7,10,0.01,front_half_low_back_half_high,unweighted_mwpm,mwpm_nominal_static_model,6,1,1,74992,7,75000,6.666666666666667e-05,0.13057001811573618,mwpm_nominal_static_model
temporal_drift_multiseed_pairwise,7,10,0.01,front_half_low_back_half_high,unweighted_mwpm,mwpm_oracle_true_schedule_model,6,1,1,74992,7,75000,6.666666666666667e-05,0.13057001811573618,mwpm_oracle_true_schedule_model
temporal_drift_multiseed_pairwise,7,10,0.01,measurement_only_worse,final_data_majority,mwpm_nominal_static_model,238,1,0,74761,239,75000,0.00316,1.2968768349572736e-52,mwpm_nominal_static_model
temporal_drift_multiseed_pairwise,7,10,0.01,measurement_only_worse,final_data_majority,mwpm_oracle_true_schedule_model,238,1,0,74761,239,75000,0.00316,1.2968768349572736e-52,mwpm_oracle_true_schedule_model
temporal_drift_multiseed_pairwise,7,10,0.01,measurement_only_worse,final_data_majority,unweighted_mwpm,238,1,0,74761,239,75000,0.00316,1.2968768349572736e-52,unweighted_mwpm
temporal_drift_multiseed_pairwise,7,10,0.01,measurement_only_worse,mwpm_nominal_static_model,mwpm_oracle_true_schedule_model,0,0,1,74999,0,75000,0.0,1.0,tie
temporal_drift_multiseed_pairwise,7,10,0.01,measurement_only_worse,unweighted_mwpm,mwpm_nominal_static_model,0,0,1,74999,0,75000,0.0,1.0,tie
temporal_drift_multiseed_pairwise,7,10,0.01,measurement_only_worse,unweighted_mwpm,mwpm_oracle_true_schedule_model,0,0,1,74999,0,75000,0.0,1.0,tie
temporal_drift_multiseed_pairwise,7,10,0.02,constant_data_schedule,final_data_majority,mwpm_nominal_static_model,1535,7,11,73447,1542,75000,0.020373333333333334,0.0,mwpm_nominal_static_model
temporal_drift_multiseed_pairwise,7,10,0.02,constant_data_schedule,final_data_majority,mwpm_oracle_true_schedule_model,1535,7,11,73447,1542,75000,0.020373333333333334,0.0,mwpm_oracle_true_schedule_model
temporal_drift_multiseed_pairwise,7,10,0.02,constant_data_schedule,final_data_majority,unweighted_mwpm,1519,18,27,73436,1537,75000,0.020013333333333334,2.7485e-320,unweighted_mwpm
temporal_drift_multiseed_pairwise,7,10,0.02,constant_data_schedule,mwpm_nominal_static_model,mwpm_oracle_true_schedule_model,0,0,18,74982,0,75000,0.0,1.0,tie
temporal_drift_multiseed_pairwise,7,10,0.02,constant_data_schedule,unweighted_mwpm,mwpm_nominal_static_model,32,5,13,74950,37,75000,0.00036,1.9167534556697475e-05,mwpm_nominal_static_model
temporal_drift_multiseed_pairwise,7,10,0.02,constant_data_schedule,unweighted_mwpm,mwpm_oracle_true_schedule_model,32,5,13,74950,37,75000,0.00036,1.9167534556697475e-05,mwpm_oracle_true_schedule_model
temporal_drift_multiseed_pairwise,7,10,0.02,front_half_low_back_half_high,final_data_majority,mwpm_nominal_static_model,1522,18,25,73435,1540,75000,0.020053333333333333,6.13e-321,mwpm_nominal_static_model
temporal_drift_multiseed_pairwise,7,10,0.02,front_half_low_back_half_high,final_data_majority,mwpm_oracle_true_schedule_model,1527,19,20,73434,1546,75000,0.020106666666666665,2.15e-321,mwpm_oracle_true_schedule_model
temporal_drift_multiseed_pairwise,7,10,0.02,front_half_low_back_half_high,final_data_majority,unweighted_mwpm,1477,22,70,73431,1499,75000,0.0194,1.1834835960788787e-308,unweighted_mwpm
temporal_drift_multiseed_pairwise,7,10,0.02,front_half_low_back_half_high,mwpm_nominal_static_model,mwpm_oracle_true_schedule_model,14,10,29,74947,24,75000,5.333333333333333e-05,0.5402913746074198,mwpm_oracle_true_schedule_model
temporal_drift_multiseed_pairwise,7,10,0.02,front_half_low_back_half_high,unweighted_mwpm,mwpm_nominal_static_model,59,10,33,74898,69,75000,0.0006533333333333333,7.536016234318523e-09,mwpm_nominal_static_model
temporal_drift_multiseed_pairwise,7,10,0.02,front_half_low_back_half_high,unweighted_mwpm,mwpm_oracle_true_schedule_model,69,16,23,74892,85,75000,0.0007066666666666666,1.6986074659703655e-08,mwpm_oracle_true_schedule_model
temporal_drift_multiseed_pairwise,7,10,0.02,measurement_only_worse,final_data_majority,mwpm_nominal_static_model,1613,10,11,73366,1623,75000,0.021373333333333334,0.0,mwpm_nominal_static_model
temporal_drift_multiseed_pairwise,7,10,0.02,measurement_only_worse,final_data_majority,mwpm_oracle_true_schedule_model,1613,8,11,73368,1621,75000,0.0214,0.0,mwpm_oracle_true_schedule_model
temporal_drift_multiseed_pairwise,7,10,0.02,measurement_only_worse,final_data_majority,unweighted_mwpm,1585,14,39,73362,1599,75000,0.020946666666666666,0.0,unweighted_mwpm
temporal_drift_multiseed_pairwise,7,10,0.02,measurement_only_worse,mwpm_nominal_static_model,mwpm_oracle_true_schedule_model,2,0,19,74979,2,75000,2.6666666666666667e-05,0.4795001221869534,mwpm_oracle_true_schedule_model
temporal_drift_multiseed_pairwise,7,10,0.02,measurement_only_worse,unweighted_mwpm,mwpm_nominal_static_model,38,6,15,74941,44,75000,0.00042666666666666667,2.962166939258934e-06,mwpm_nominal_static_model
temporal_drift_multiseed_pairwise,7,10,0.02,measurement_only_worse,unweighted_mwpm,mwpm_oracle_true_schedule_model,38,4,15,74943,42,75000,0.0004533333333333333,3.5428638720888066e-07,mwpm_oracle_true_schedule_model
