summary,distance,rounds,p_mean,snapshot,method,total_failures,total_shots,pooled_logical_error_rate,ci95_low,ci95_high,upper_bound_95_if_zero
temporal_drift_multiseed,5,10,0.01,constant_data_schedule,final_data_majority,651,75000,0.00868,0.008040820944692098,0.009369508608347758,
temporal_drift_multiseed,5,10,0.01,constant_data_schedule,mwpm_nominal_static_model,30,75000,0.0004,0.00028021321926949847,0.000570964515605351,
temporal_drift_multiseed,5,10,0.01,constant_data_schedule,mwpm_oracle_true_schedule_model,30,75000,0.0004,0.00028021321926949847,0.000570964515605351,
temporal_drift_multiseed,5,10,0.01,constant_data_schedule,unweighted_mwpm,53,75000,0.0007066666666666666,0.0005403467213696628,0.0009241329326964831,
temporal_drift_multiseed,5,10,0.01,front_half_low_back_half_high,final_data_majority,697,75000,0.009293333333333334,0.008631298105039719,0.010005635286382732,
temporal_drift_multiseed,5,10,0.01,front_half_low_back_half_high,mwpm_nominal_static_model,38,75000,0.0005066666666666667,0.00036917899688135867,0.0006953211446687243,
temporal_drift_multiseed,5,10,0.01,front_half_low_back_half_high,mwpm_oracle_true_schedule_model,39,75000,0.00052,0.00038043322769415607,0.0007107322146903311,
temporal_drift_multiseed,5,10,0.01,front_half_low_back_half_high,unweighted_mwpm,72,75000,0.00096,0.000762454646388571,0.001208665723531255,
temporal_drift_multiseed,5,10,0.01,measurement_only_worse,final_data_majority,690,75000,0.0092,0.008541391914154088,0.00990888437142753,
temporal_drift_multiseed,5,10,0.01,measurement_only_worse,mwpm_nominal_static_model,34,75000,0.0004533333333333333,0.0003244420507181253,0.0006333968874943409,
temporal_drift_multiseed,5,10,0.01,measurement_only_worse,mwpm_oracle_true_schedule_model,35,75000,0.00046666666666666666,0.00033558200209721147,0.0006489222369496589,
temporal_drift_multiseed,5,10,0.01,measurement_only_worse,unweighted_mwpm,65,75000,0.0008666666666666666,0.0006800886494951424,0.001104374614583854,
temporal_drift_multiseed,5,10,0.02,constant_data_schedule,final_data_majority,3074,75000,0.040986666666666664,0.039591094551754566,0.04242925892304665,
temporal_drift_multiseed,5,10,0.02,constant_data_schedule,mwpm_nominal_static_model,148,75000,0.0019733333333333334,0.0016802151707951442,0.0023174680625394012,
temporal_drift_multiseed,5,10,0.02,constant_data_schedule,mwpm_oracle_true_schedule_model,148,75000,0.0019733333333333334,0.0016802151707951442,0.0023174680625394012,
temporal_drift_multiseed,5,10,0.02,constant_data_schedule,unweighted_mwpm,280,75000,0.0037333333333333333,0.003321545886789321,0.0041959570566865775,
temporal_drift_multiseed,5,10,0.02,front_half_low_back_half_high,final_data_majority,3105,75000,0.0414,0.03999757884145723,0.04284939895921053,
temporal_drift_multiseed,5,10,0.02,front_half_low_back_half_high,mwpm_nominal_static_model,198,75000,0.00264,0.0022973581887457007,0.0030335900863090546,
temporal_drift_multiseed,5,10,0.02,front_half_low_back_half_high,mwpm_oracle_true_schedule_model,208,75000,0.0027733333333333334,0.0024215723333159012,0.003176028950082896,
temporal_drift_multiseed,5,10,0.02,front_half_low_back_half_high,unweighted_mwpm,410,75000,0.0054666666666666665,0.00496369067150485,0.006020301380443594,
temporal_drift_multiseed,5,10,0.02,measurement_only_worse,final_data_majority,3075,75000,0.041,0.03960420633926842,0.04244281243636722,
temporal_drift_multiseed,5,10,0.02,measurement_only_worse,mwpm_nominal_static_model,175,75000,0.0023333333333333335,0.0020125845351956096,0.0027050618206678496,
temporal_drift_multiseed,5,10,0.02,measurement_only_worse,mwpm_oracle_true_schedule_model,174,75000,0.00232,0.002000234833507564,0.0026907462215214908,
temporal_drift_multiseed,5,10,0.02,measurement_only_worse,unweighted_mwpm,295,75000,0.003933333333333333,0.0035100615990011305,0.004407420856990831,
temporal_drift_multiseed,7,10,0.01,constant_data_schedule,final_data_majority,198,75000,0.00264,0.0022973581887457007,0.0030335900863090546,
temporal_drift_multiseed,7,10,0.01,constant_data_schedule,mwpm_nominal_static_model,0,75000,0.0,0.0,5.121870984272358e-05,5.121870984272358e-05
temporal_drift_multiseed,7,10,0.01,constant_data_schedule,mwpm_oracle_true_schedule_model,0,75000,0.0,0.0,5.121870984272358e-05,5.121870984272358e-05
temporal_drift_multiseed,7,10,0.01,constant_data_schedule,unweighted_mwpm,1,75000,1.3333333333333333e-05,2.3536040676778324e-06,7.553040660944994e-05,
temporal_drift_multiseed,7,10,0.01,front_half_low_back_half_high,final_data_majority,210,75000,0.0028,0.0024464417386845048,0.0032044901463831,
temporal_drift_multiseed,7,10,0.01,front_half_low_back_half_high,mwpm_nominal_static_model,2,75000,2.6666666666666667e-05,7.312839228112297e-06,9.723647228341968e-05,
temporal_drift_multiseed,7,10,0.01,front_half_low_back_half_high,mwpm_oracle_true_schedule_model,2,75000,2.6666666666666667e-05,7.312839228112297e-06,9.723647228341968e-05,
temporal_drift_multiseed,7,10,0.01,front_half_low_back_half_high,unweighted_mwpm,7,75000,9.333333333333333e-05,4.521165076507273e-05,0.00019266416491848024,
temporal_drift_multiseed,7,10,0.01,measurement_only_worse,final_data_majority,238,75000,0.003173333333333333,0.002795461663140794,0.0036020986452901284,
temporal_drift_multiseed,7,10,0.01,measurement_only_worse,mwpm_nominal_static_model,1,75000,1.3333333333333333e-05,2.3536040676778324e-06,7.553040660944994e-05,
temporal_drift_multiseed,7,10,0.01,measurement_only_worse,mwpm_oracle_true_schedule_model,1,75000,1.3333333333333333e-05,2.3536040676778324e-06,7.553040660944994e-05,
temporal_drift_multiseed,7,10,0.01,measurement_only_worse,unweighted_mwpm,1,75000,1.3333333333333333e-05,2.3536040676778324e-06,7.553040660944994e-05,
temporal_drift_multiseed,7,10,0.02,constant_data_schedule,final_data_majority,1546,75000,0.020613333333333334,0.01962072029627398,0.021655053503557634,
temporal_drift_multiseed,7,10,0.02,constant_data_schedule,mwpm_nominal_static_model,18,75000,0.00024,0.00015182206618989566,0.00037937205867210347,
temporal_drift_multiseed,7,10,0.02,constant_data_schedule,mwpm_oracle_true_schedule_model,18,75000,0.00024,0.00015182206618989566,0.00037937205867210347,
temporal_drift_multiseed,7,10,0.02,constant_data_schedule,unweighted_mwpm,45,75000,0.0006,0.00044847116151431455,0.0008026860858765979,
temporal_drift_multiseed,7,10,0.02,front_half_low_back_half_high,final_data_majority,1547,75000,0.020626666666666668,0.01963373116283237,0.021668707937833643,
temporal_drift_multiseed,7,10,0.02,front_half_low_back_half_high,mwpm_nominal_static_model,43,75000,0.0005733333333333334,0.00042569988992821725,0.0007721267557938867,
temporal_drift_multiseed,7,10,0.02,front_half_low_back_half_high,mwpm_oracle_true_schedule_model,39,75000,0.00052,0.00038043322769415607,0.0007107322146903311,
temporal_drift_multiseed,7,10,0.02,front_half_low_back_half_high,unweighted_mwpm,92,75000,0.0012266666666666667,0.0010004120024108747,0.0015040143841970352,
temporal_drift_multiseed,7,10,0.02,measurement_only_worse,final_data_majority,1624,75000,0.021653333333333333,0.020635892507957495,0.022719774756957644,
temporal_drift_multiseed,7,10,0.02,measurement_only_worse,mwpm_nominal_static_model,21,75000,0.00028,0.00018315185162557745,0.00042803817573963416,
temporal_drift_multiseed,7,10,0.02,measurement_only_worse,mwpm_oracle_true_schedule_model,19,75000,0.00025333333333333333,0.0001621937113971463,0.000395665714299257,
temporal_drift_multiseed,7,10,0.02,measurement_only_worse,unweighted_mwpm,53,75000,0.0007066666666666666,0.0005403467213696628,0.0009241329326964831,
