layer,experiment,distance,rounds,p_mean,snapshot,schedule_data_mean,schedule_data_std,schedule_meas_mean,schedule_meas_std,shots,seed,left_method,right_method,left_only_failures,right_only_failures,both_failures,both_success
layer2,temporal_drift_schedule_pairwise,5,10,0.01,constant_data_schedule,0.009999999999999998,1.734723475976807e-18,0.0010000000000000002,2.168404344971009e-19,25000,101,final_data_majority,unweighted_mwpm,203,6,15,24776
layer2,temporal_drift_schedule_pairwise,5,10,0.01,constant_data_schedule,0.009999999999999998,1.734723475976807e-18,0.0010000000000000002,2.168404344971009e-19,25000,101,final_data_majority,mwpm_nominal_static_model,212,3,6,24779
layer2,temporal_drift_schedule_pairwise,5,10,0.01,constant_data_schedule,0.009999999999999998,1.734723475976807e-18,0.0010000000000000002,2.168404344971009e-19,25000,101,final_data_majority,mwpm_oracle_true_schedule_model,212,3,6,24779
layer2,temporal_drift_schedule_pairwise,5,10,0.01,constant_data_schedule,0.009999999999999998,1.734723475976807e-18,0.0010000000000000002,2.168404344971009e-19,25000,101,unweighted_mwpm,mwpm_nominal_static_model,14,2,7,24977
layer2,temporal_drift_schedule_pairwise,5,10,0.01,constant_data_schedule,0.009999999999999998,1.734723475976807e-18,0.0010000000000000002,2.168404344971009e-19,25000,101,unweighted_mwpm,mwpm_oracle_true_schedule_model,14,2,7,24977
layer2,temporal_drift_schedule_pairwise,5,10,0.01,constant_data_schedule,0.009999999999999998,1.734723475976807e-18,0.0010000000000000002,2.168404344971009e-19,25000,101,mwpm_nominal_static_model,mwpm_oracle_true_schedule_model,0,0,9,24991
layer2,temporal_drift_schedule_pairwise,5,10,0.01,front_half_low_back_half_high,0.01,0.004999999999999999,0.0010000000000000002,2.168404344971009e-19,25000,101,final_data_majority,unweighted_mwpm,218,8,18,24756
layer2,temporal_drift_schedule_pairwise,5,10,0.01,front_half_low_back_half_high,0.01,0.004999999999999999,0.0010000000000000002,2.168404344971009e-19,25000,101,final_data_majority,mwpm_nominal_static_model,229,6,7,24758
layer2,temporal_drift_schedule_pairwise,5,10,0.01,front_half_low_back_half_high,0.01,0.004999999999999999,0.0010000000000000002,2.168404344971009e-19,25000,101,final_data_majority,mwpm_oracle_true_schedule_model,228,6,8,24758
layer2,temporal_drift_schedule_pairwise,5,10,0.01,front_half_low_back_half_high,0.01,0.004999999999999999,0.0010000000000000002,2.168404344971009e-19,25000,101,unweighted_mwpm,mwpm_nominal_static_model,18,5,8,24969
layer2,temporal_drift_schedule_pairwise,5,10,0.01,front_half_low_back_half_high,0.01,0.004999999999999999,0.0010000000000000002,2.168404344971009e-19,25000,101,unweighted_mwpm,mwpm_oracle_true_schedule_model,17,5,9,24969
layer2,temporal_drift_schedule_pairwise,5,10,0.01,front_half_low_back_half_high,0.01,0.004999999999999999,0.0010000000000000002,2.168404344971009e-19,25000,101,mwpm_nominal_static_model,mwpm_oracle_true_schedule_model,0,1,13,24986
layer2,temporal_drift_schedule_pairwise,5,10,0.01,measurement_only_worse,0.009999999999999998,1.734723475976807e-18,0.002,0.001,25000,101,final_data_majority,unweighted_mwpm,236,8,18,24738
layer2,temporal_drift_schedule_pairwise,5,10,0.01,measurement_only_worse,0.009999999999999998,1.734723475976807e-18,0.002,0.001,25000,101,final_data_majority,mwpm_nominal_static_model,247,7,7,24739
layer2,temporal_drift_schedule_pairwise,5,10,0.01,measurement_only_worse,0.009999999999999998,1.734723475976807e-18,0.002,0.001,25000,101,final_data_majority,mwpm_oracle_true_schedule_model,247,8,7,24738
layer2,temporal_drift_schedule_pairwise,5,10,0.01,measurement_only_worse,0.009999999999999998,1.734723475976807e-18,0.002,0.001,25000,101,unweighted_mwpm,mwpm_nominal_static_model,15,3,11,24971
layer2,temporal_drift_schedule_pairwise,5,10,0.01,measurement_only_worse,0.009999999999999998,1.734723475976807e-18,0.002,0.001,25000,101,unweighted_mwpm,mwpm_oracle_true_schedule_model,15,4,11,24970
layer2,temporal_drift_schedule_pairwise,5,10,0.01,measurement_only_worse,0.009999999999999998,1.734723475976807e-18,0.002,0.001,25000,101,mwpm_nominal_static_model,mwpm_oracle_true_schedule_model,0,1,14,24985
layer2,temporal_drift_schedule_pairwise,5,10,0.02,constant_data_schedule,0.019999999999999997,3.469446951953614e-18,0.0010000000000000002,2.168404344971009e-19,25000,101,final_data_majority,unweighted_mwpm,924,24,71,23981
layer2,temporal_drift_schedule_pairwise,5,10,0.02,constant_data_schedule,0.019999999999999997,3.469446951953614e-18,0.0010000000000000002,2.168404344971009e-19,25000,101,final_data_majority,mwpm_nominal_static_model,961,14,34,23991
layer2,temporal_drift_schedule_pairwise,5,10,0.02,constant_data_schedule,0.019999999999999997,3.469446951953614e-18,0.0010000000000000002,2.168404344971009e-19,25000,101,final_data_majority,mwpm_oracle_true_schedule_model,961,14,34,23991
layer2,temporal_drift_schedule_pairwise,5,10,0.02,constant_data_schedule,0.019999999999999997,3.469446951953614e-18,0.0010000000000000002,2.168404344971009e-19,25000,101,unweighted_mwpm,mwpm_nominal_static_model,57,10,38,24895
layer2,temporal_drift_schedule_pairwise,5,10,0.02,constant_data_schedule,0.019999999999999997,3.469446951953614e-18,0.0010000000000000002,2.168404344971009e-19,25000,101,unweighted_mwpm,mwpm_oracle_true_schedule_model,57,10,38,24895
layer2,temporal_drift_schedule_pairwise,5,10,0.02,constant_data_schedule,0.019999999999999997,3.469446951953614e-18,0.0010000000000000002,2.168404344971009e-19,25000,101,mwpm_nominal_static_model,mwpm_oracle_true_schedule_model,0,0,48,24952
layer2,temporal_drift_schedule_pairwise,5,10,0.02,front_half_low_back_half_high,0.02,0.009999999999999998,0.0010000000000000002,2.168404344971009e-19,25000,101,final_data_majority,unweighted_mwpm,921,47,109,23923
layer2,temporal_drift_schedule_pairwise,5,10,0.02,front_half_low_back_half_high,0.02,0.009999999999999998,0.0010000000000000002,2.168404344971009e-19,25000,101,final_data_majority,mwpm_nominal_static_model,978,26,52,23944
layer2,temporal_drift_schedule_pairwise,5,10,0.02,front_half_low_back_half_high,0.02,0.009999999999999998,0.0010000000000000002,2.168404344971009e-19,25000,101,final_data_majority,mwpm_oracle_true_schedule_model,984,31,46,23939
layer2,temporal_drift_schedule_pairwise,5,10,0.02,front_half_low_back_half_high,0.02,0.009999999999999998,0.0010000000000000002,2.168404344971009e-19,25000,101,unweighted_mwpm,mwpm_nominal_static_model,85,7,71,24837
layer2,temporal_drift_schedule_pairwise,5,10,0.02,front_half_low_back_half_high,0.02,0.009999999999999998,0.0010000000000000002,2.168404344971009e-19,25000,101,unweighted_mwpm,mwpm_oracle_true_schedule_model,104,25,52,24819
layer2,temporal_drift_schedule_pairwise,5,10,0.02,front_half_low_back_half_high,0.02,0.009999999999999998,0.0010000000000000002,2.168404344971009e-19,25000,101,mwpm_nominal_static_model,mwpm_oracle_true_schedule_model,19,18,59,24904
layer2,temporal_drift_schedule_pairwise,5,10,0.02,measurement_only_worse,0.019999999999999997,3.469446951953614e-18,0.002,0.001,25000,101,final_data_majority,unweighted_mwpm,929,20,73,23978
layer2,temporal_drift_schedule_pairwise,5,10,0.02,measurement_only_worse,0.019999999999999997,3.469446951953614e-18,0.002,0.001,25000,101,final_data_majority,mwpm_nominal_static_model,959,11,43,23987
layer2,temporal_drift_schedule_pairwise,5,10,0.02,measurement_only_worse,0.019999999999999997,3.469446951953614e-18,0.002,0.001,25000,101,final_data_majority,mwpm_oracle_true_schedule_model,958,11,44,23987
layer2,temporal_drift_schedule_pairwise,5,10,0.02,measurement_only_worse,0.019999999999999997,3.469446951953614e-18,0.002,0.001,25000,101,unweighted_mwpm,mwpm_nominal_static_model,50,11,43,24896
layer2,temporal_drift_schedule_pairwise,5,10,0.02,measurement_only_worse,0.019999999999999997,3.469446951953614e-18,0.002,0.001,25000,101,unweighted_mwpm,mwpm_oracle_true_schedule_model,48,10,45,24897
layer2,temporal_drift_schedule_pairwise,5,10,0.02,measurement_only_worse,0.019999999999999997,3.469446951953614e-18,0.002,0.001,25000,101,mwpm_nominal_static_model,mwpm_oracle_true_schedule_model,1,2,53,24944
layer2,temporal_drift_schedule_pairwise,7,10,0.01,constant_data_schedule,0.009999999999999998,1.734723475976807e-18,0.0010000000000000002,2.168404344971009e-19,25000,101,final_data_majority,unweighted_mwpm,71,0,1,24928
layer2,temporal_drift_schedule_pairwise,7,10,0.01,constant_data_schedule,0.009999999999999998,1.734723475976807e-18,0.0010000000000000002,2.168404344971009e-19,25000,101,final_data_majority,mwpm_nominal_static_model,72,0,0,24928
layer2,temporal_drift_schedule_pairwise,7,10,0.01,constant_data_schedule,0.009999999999999998,1.734723475976807e-18,0.0010000000000000002,2.168404344971009e-19,25000,101,final_data_majority,mwpm_oracle_true_schedule_model,72,0,0,24928
layer2,temporal_drift_schedule_pairwise,7,10,0.01,constant_data_schedule,0.009999999999999998,1.734723475976807e-18,0.0010000000000000002,2.168404344971009e-19,25000,101,unweighted_mwpm,mwpm_nominal_static_model,1,0,0,24999
layer2,temporal_drift_schedule_pairwise,7,10,0.01,constant_data_schedule,0.009999999999999998,1.734723475976807e-18,0.0010000000000000002,2.168404344971009e-19,25000,101,unweighted_mwpm,mwpm_oracle_true_schedule_model,1,0,0,24999
layer2,temporal_drift_schedule_pairwise,7,10,0.01,constant_data_schedule,0.009999999999999998,1.734723475976807e-18,0.0010000000000000002,2.168404344971009e-19,25000,101,mwpm_nominal_static_model,mwpm_oracle_true_schedule_model,0,0,0,25000
layer2,temporal_drift_schedule_pairwise,7,10,0.01,front_half_low_back_half_high,0.01,0.004999999999999999,0.0010000000000000002,2.168404344971009e-19,25000,101,final_data_majority,unweighted_mwpm,64,1,3,24932
layer2,temporal_drift_schedule_pairwise,7,10,0.01,front_half_low_back_half_high,0.01,0.004999999999999999,0.0010000000000000002,2.168404344971009e-19,25000,101,final_data_majority,mwpm_nominal_static_model,67,0,0,24933
layer2,temporal_drift_schedule_pairwise,7,10,0.01,front_half_low_back_half_high,0.01,0.004999999999999999,0.0010000000000000002,2.168404344971009e-19,25000,101,final_data_majority,mwpm_oracle_true_schedule_model,67,0,0,24933
layer2,temporal_drift_schedule_pairwise,7,10,0.01,front_half_low_back_half_high,0.01,0.004999999999999999,0.0010000000000000002,2.168404344971009e-19,25000,101,unweighted_mwpm,mwpm_nominal_static_model,4,0,0,24996
layer2,temporal_drift_schedule_pairwise,7,10,0.01,front_half_low_back_half_high,0.01,0.004999999999999999,0.0010000000000000002,2.168404344971009e-19,25000,101,unweighted_mwpm,mwpm_oracle_true_schedule_model,4,0,0,24996
layer2,temporal_drift_schedule_pairwise,7,10,0.01,front_half_low_back_half_high,0.01,0.004999999999999999,0.0010000000000000002,2.168404344971009e-19,25000,101,mwpm_nominal_static_model,mwpm_oracle_true_schedule_model,0,0,0,25000
layer2,temporal_drift_schedule_pairwise,7,10,0.01,measurement_only_worse,0.009999999999999998,1.734723475976807e-18,0.002,0.001,25000,101,final_data_majority,unweighted_mwpm,82,0,0,24918
layer2,temporal_drift_schedule_pairwise,7,10,0.01,measurement_only_worse,0.009999999999999998,1.734723475976807e-18,0.002,0.001,25000,101,final_data_majority,mwpm_nominal_static_model,82,0,0,24918
layer2,temporal_drift_schedule_pairwise,7,10,0.01,measurement_only_worse,0.009999999999999998,1.734723475976807e-18,0.002,0.001,25000,101,final_data_majority,mwpm_oracle_true_schedule_model,82,0,0,24918
layer2,temporal_drift_schedule_pairwise,7,10,0.01,measurement_only_worse,0.009999999999999998,1.734723475976807e-18,0.002,0.001,25000,101,unweighted_mwpm,mwpm_nominal_static_model,0,0,0,25000
layer2,temporal_drift_schedule_pairwise,7,10,0.01,measurement_only_worse,0.009999999999999998,1.734723475976807e-18,0.002,0.001,25000,101,unweighted_mwpm,mwpm_oracle_true_schedule_model,0,0,0,25000
layer2,temporal_drift_schedule_pairwise,7,10,0.01,measurement_only_worse,0.009999999999999998,1.734723475976807e-18,0.002,0.001,25000,101,mwpm_nominal_static_model,mwpm_oracle_true_schedule_model,0,0,0,25000
layer2,temporal_drift_schedule_pairwise,7,10,0.02,constant_data_schedule,0.019999999999999997,3.469446951953614e-18,0.0010000000000000002,2.168404344971009e-19,25000,101,final_data_majority,unweighted_mwpm,493,6,6,24495
layer2,temporal_drift_schedule_pairwise,7,10,0.02,constant_data_schedule,0.019999999999999997,3.469446951953614e-18,0.0010000000000000002,2.168404344971009e-19,25000,101,final_data_majority,mwpm_nominal_static_model,497,4,2,24497
layer2,temporal_drift_schedule_pairwise,7,10,0.02,constant_data_schedule,0.019999999999999997,3.469446951953614e-18,0.0010000000000000002,2.168404344971009e-19,25000,101,final_data_majority,mwpm_oracle_true_schedule_model,497,4,2,24497
layer2,temporal_drift_schedule_pairwise,7,10,0.02,constant_data_schedule,0.019999999999999997,3.469446951953614e-18,0.0010000000000000002,2.168404344971009e-19,25000,101,unweighted_mwpm,mwpm_nominal_static_model,9,3,3,24985
layer2,temporal_drift_schedule_pairwise,7,10,0.02,constant_data_schedule,0.019999999999999997,3.469446951953614e-18,0.0010000000000000002,2.168404344971009e-19,25000,101,unweighted_mwpm,mwpm_oracle_true_schedule_model,9,3,3,24985
layer2,temporal_drift_schedule_pairwise,7,10,0.02,constant_data_schedule,0.019999999999999997,3.469446951953614e-18,0.0010000000000000002,2.168404344971009e-19,25000,101,mwpm_nominal_static_model,mwpm_oracle_true_schedule_model,0,0,6,24994
layer2,temporal_drift_schedule_pairwise,7,10,0.02,front_half_low_back_half_high,0.02,0.009999999999999998,0.0010000000000000002,2.168404344971009e-19,25000,101,final_data_majority,unweighted_mwpm,516,10,21,24453
layer2,temporal_drift_schedule_pairwise,7,10,0.02,front_half_low_back_half_high,0.02,0.009999999999999998,0.0010000000000000002,2.168404344971009e-19,25000,101,final_data_majority,mwpm_nominal_static_model,528,7,9,24456
layer2,temporal_drift_schedule_pairwise,7,10,0.02,front_half_low_back_half_high,0.02,0.009999999999999998,0.0010000000000000002,2.168404344971009e-19,25000,101,final_data_majority,mwpm_oracle_true_schedule_model,529,9,8,24454
layer2,temporal_drift_schedule_pairwise,7,10,0.02,front_half_low_back_half_high,0.02,0.009999999999999998,0.0010000000000000002,2.168404344971009e-19,25000,101,unweighted_mwpm,mwpm_nominal_static_model,19,4,12,24965
layer2,temporal_drift_schedule_pairwise,7,10,0.02,front_half_low_back_half_high,0.02,0.009999999999999998,0.0010000000000000002,2.168404344971009e-19,25000,101,unweighted_mwpm,mwpm_oracle_true_schedule_model,22,8,9,24961
layer2,temporal_drift_schedule_pairwise,7,10,0.02,front_half_low_back_half_high,0.02,0.009999999999999998,0.0010000000000000002,2.168404344971009e-19,25000,101,mwpm_nominal_static_model,mwpm_oracle_true_schedule_model,3,4,13,24980
layer2,temporal_drift_schedule_pairwise,7,10,0.02,measurement_only_worse,0.019999999999999997,3.469446951953614e-18,0.002,0.001,25000,101,final_data_majority,unweighted_mwpm,523,4,14,24459
layer2,temporal_drift_schedule_pairwise,7,10,0.02,measurement_only_worse,0.019999999999999997,3.469446951953614e-18,0.002,0.001,25000,101,final_data_majority,mwpm_nominal_static_model,533,4,4,24459
layer2,temporal_drift_schedule_pairwise,7,10,0.02,measurement_only_worse,0.019999999999999997,3.469446951953614e-18,0.002,0.001,25000,101,final_data_majority,mwpm_oracle_true_schedule_model,533,4,4,24459
layer2,temporal_drift_schedule_pairwise,7,10,0.02,measurement_only_worse,0.019999999999999997,3.469446951953614e-18,0.002,0.001,25000,101,unweighted_mwpm,mwpm_nominal_static_model,12,2,6,24980
layer2,temporal_drift_schedule_pairwise,7,10,0.02,measurement_only_worse,0.019999999999999997,3.469446951953614e-18,0.002,0.001,25000,101,unweighted_mwpm,mwpm_oracle_true_schedule_model,12,2,6,24980
layer2,temporal_drift_schedule_pairwise,7,10,0.02,measurement_only_worse,0.019999999999999997,3.469446951953614e-18,0.002,0.001,25000,101,mwpm_nominal_static_model,mwpm_oracle_true_schedule_model,0,0,8,24992
